id,taxon_name,collector_name,collector_number,collection_location,longitude_decimal,latitude_decimal,collection_date_verbatim
60093,Euphrasia foulaensis,Alex Twyford,FIH098-1,"South Lighthouse, Fair Isle",-1.650253991,59.51385501,01/09/2019
60094,Euphrasia arctica,Alex Twyford,BER-1,North Berwick Golf Course,-2.706443,56.057022,14/09/2019
60095,Euphrasia confusa,Alex Twyford,WHP-1,"Whitten Pond, New Forest",-1.715972,50.811333,10/09/2019
60096,Euphrasia anglica,Alex Twyford,BED-1,"Bedford Bridge, Dartmoor",-4.113306,50.5135,10/09/2019
60097,Prunella vulgaris,"Zoe Goodwin, David Bell",1917,"Midlothian, Royal Botanic Garden Edinburgh, Inverleith",-3.20916667,55.9652278,31/08/2020
60098,Fraxinus excelsior,"Zoe Goodwin, David Bell",1918,"Midlothian, Royal Botanic Garden Edinburgh, Inverleith",-3.20916667,55.9652278,31/08/2020
60099,Sorbus aucuparia,"Zoe Goodwin, David Bell",1909,"Midlothian, Royal Botanic Garden Edinburgh, Inverleith",-3.20916667,55.9652278,13/08/2020
60100,Frangula alnus,"Zoe Goodwin, David Bell",1894,"Midlothian, Royal Botanic Garden Edinburgh, Inverleith",-3.20916667,55.9652278,11/08/2020
60101,Ulmus glabra,"Zoe Goodwin, David Bell",1897,"Midlothian, Royal Botanic Garden Edinburgh, Inverleith",-3.20916667,55.9652278,11/08/2020
60102,Cicerbita alpina,"Zoe Goodwin, David Bell",1907,"Midlothian, Royal Botanic Garden Edinburgh, Inverleith",-3.20916667,55.9652278,13/08/2020
60103,Luzula sylvatica,"Zoe Goodwin, David Bell",1900,"Midlothian, Royal Botanic Garden Edinburgh, Inverleith",-3.20916667,55.9652278,12/08/2020
60104,Alnus glutinosa,"Zoe Goodwin, David Bell",1898,"Midlothian, Royal Botanic Garden Edinburgh, Inverleith",-3.20916667,55.9652278,12/08/2020
60105,Melampyrum sylvaticum,"Zoe Goodwin, David Bell",1908,"Midlothian, Royal Botanic Garden Edinburgh, Inverleith",-3.20916667,55.9652278,13/08/2020
60106,Quercus petraea,"Zoe Goodwin, David Bell",1902,"Midlothian, Royal Botanic Garden Edinburgh, Inverleith",-3.20916667,55.9652278,12/08/2020
60107,Succisa pratensis,"Zoe Goodwin, David Bell",1903,"Midlothian, Royal Botanic Garden Edinburgh, Inverleith",-3.20916667,55.9652278,13/08/2020
60108,Taxus baccata,"Zoe Goodwin, David Bell",1895,"Midlothian, Royal Botanic Garden Edinburgh, Inverleith",-3.20916667,55.9652278,11/08/2020
60109,Lathyrus japonicus,"Zoe Goodwin, David Bell",1905,"Midlothian, Royal Botanic Garden Edinburgh, Inverleith",-3.20916667,55.9652278,13/08/2020
60110,Linnaea borealis,"Zoe Goodwin, David Bell",1906,"Midlothian, Royal Botanic Garden Edinburgh, Inverleith",-3.20916667,55.9652278,13/08/2020
60111,Ligustrum vulgare,"Zoe Goodwin, David Bell",1893,"Midlothian, Royal Botanic Garden Edinburgh, Inverleith",-3.20916667,55.9652278,11/08/2020
60112,Plantago lanceolata,"Zoe Goodwin, David Bell",1899,"Midlothian, Royal Botanic Garden Edinburgh, Inverleith",-3.20916667,55.9652278,12/08/2020
60113,Cornus sanguinea,"Zoe Goodwin, David Bell",1901,"Midlothian, Royal Botanic Garden Edinburgh, Inverleith",-3.20916667,55.9652278,12/08/2020
60114,Erodium maritimum,"Zoe Goodwin, David Bell",1904,"Midlothian, Royal Botanic Garden Edinburgh, Inverleith",-3.20916667,55.9652278,13/08/2020
60115,Helianthemum nummularium,Zoe Goodwin,1880,"Midlothian, Royal Botanic Garden Edinburgh, Inverleith",-3.20916667,55.9652278,07/08/2020
60116,Saxifraga oppositifolia,Zoe Goodwin,1881,"Midlothian, Royal Botanic Garden Edinburgh, Inverleith",-3.20916667,55.9652278,07/08/2020
60117,Iris pseudacorus,Zoe Goodwin,1877,"Midlothian, Royal Botanic Garden Edinburgh, Inverleith",-3.20916667,55.9652278,06/08/2020
60118,Hippophae rhamnoides,Zoe Goodwin,1873,"Midlothian, Royal Botanic Garden Edinburgh, Inverleith",-3.20916667,55.9652278,06/08/2020
60119,Calluna vulgaris,Zoe Goodwin,1892,"Midlothian, Royal Botanic Garden Edinburgh, Inverleith",-3.20916667,55.9652278,07/08/2020
60120,Salix lanata,Zoe Goodwin,1889,"Midlothian, Royal Botanic Garden Edinburgh, Inverleith",-3.20916667,55.9652278,07/08/2020
60121,Armeria maritima,Zoe Goodwin,1882,"Midlothian, Royal Botanic Garden Edinburgh, Inverleith",-3.20916667,55.9652278,07/08/2020
60122,Danthonia decumbens,Zoe Goodwin,1883,"Midlothian, Royal Botanic Garden Edinburgh, Inverleith",-3.20916667,55.9652278,07/08/2020
60123,Briza media,Zoe Goodwin,1885,"Midlothian, Royal Botanic Garden Edinburgh, Inverleith",-3.20916667,55.9652278,07/08/2020
60124,Juniperus communis,Zoe Goodwin,1886,"Midlothian, Royal Botanic Garden Edinburgh, Inverleith",-3.20916667,55.9652278,07/08/2020
60125,Myrica gale,Zoe Goodwin,1878,"Midlothian, Royal Botanic Garden Edinburgh, Inverleith",-3.20916667,55.9652278,06/08/2020
60126,Trollius europaeus,Zoe Goodwin,1888,"Midlothian, Royal Botanic Garden Edinburgh, Inverleith",-3.20916667,55.9652278,07/08/2020
60127,Dianthus deltoides,Zoe Goodwin,1874,"Midlothian, Royal Botanic Garden Edinburgh, Inverleith",-3.20916667,55.9652278,06/08/2020
60128,Pinus sylvestris,Zoe Goodwin,1876,"Midlothian, Royal Botanic Garden Edinburgh, Inverleith",-3.20916667,55.9652278,06/08/2020
60129,Oxalis acetosella,Zoe Goodwin,1879,"Midlothian, Royal Botanic Garden Edinburgh, Inverleith",-3.20916667,55.9652278,06/08/2020
60130,Betula nana,Zoe Goodwin,1891,"Midlothian, Royal Botanic Garden Edinburgh, Inverleith",-3.20916667,55.9652278,07/08/2020
60131,Juncus effusus,Maarten J. M. Christenhusz,MC 9018,"Surrey, Kingston upon Thames, Canbury Gardens, between Lower Ham Road and the Thames",-0.3051,51.4207,06/08/2020
60132,Verbena officinalis,Maarten J. M. Christenhusz,MC 9017,"Surrey, Kingston upon Thames, Canbury Gardens, between Lower Ham Road and the Thames",-0.3051,51.4207,06/08/2020
60133,Ailanthus altissima,Maarten J. M. Christenhusz,MC 9059,"Surrey, RBG Kew, Jodrell Gate, growing in pavement near the Jodrell Laboratory",-0.2879,51.482,27/08/2020
60134,Lycopus europaeus,Maarten J. M. Christenhusz,MC 9016,"Surrey, Kingston upon Thames, Canbury Gardens, between Lower Ham Road and the Thames",-0.3051,51.4207,06/08/2020
60135,Lythrum salicaria,Maarten J. M. Christenhusz,MC 9015,"Surrey, Kingston upon Thames, Canbury Gardens, between Lower Ham Road and the Thames",-0.3051,51.4207,06/08/2020
60136,Vicia cracca,Maarten J. M. Christenhusz,MC 9033,"Surrey, Kingston upon Thames, Canbury Gardens, between Lower Ham Road and the Thames",-0.3051,51.4212,12/08/2020
60137,Solanum dulcamara,Maarten J. M. Christenhusz,MC 9032,"Surrey, Kingston upon Thames, Canbury Gardens, between Lower Ham Road and the Thames",-0.3051,51.4212,12/08/2020
60138,Fallopia convolvulus,Maarten J. M. Christenhusz,MC 9031,"Surrey, Kingston upon Thames, Canbury Gardens, weed in the rose beds",-0.3044,51.4192,12/08/2020
60139,Calystegia sepium,Maarten J. M. Christenhusz,MC 9014,"Surrey, Kingston upon Thames, Canbury Gardens, between Lower Ham Road and the Thames.",-0.3051,51.4207,06/08/2020
60140,Persicaria maculosa,Maarten J. M. Christenhusz,MC 9013,"Surrey, Kingston upon Thames, Canbury Gardens, between Lower Ham Road and the Thames.",-0.3051,51.4207,06/08/2020
60141,Urtica dioica,Maarten J. M. Christenhusz,MC 9012,"Surrey, RBG Kew, Queen Charlotte's cottage, on a wood pile.",-0.3035,51.4725,05/08/2020
60142,Holcus mollis,Maarten J. M. Christenhusz,MC 9010,"Surrey, RBG Kew, weed in Rosaceae bed 437",-0.2959,51.4729,05/08/2020
60143,Urtica urens,Maarten J. M. Christenhusz,MC 9011,"Surrey, RBG Kew, Queen Charlotte's cottage, on a wood pile.",-0.3035,51.4725,05/08/2020
60144,Fumaria officinalis,Maarten J. M. Christenhusz,MC 9008,"Surrey, RBG Kew, Queen Charlotte's cottage, on a wood pile.",-0.3035,51.4725,05/08/2020
60145,Papaver dubium,Maarten J. M. Christenhusz,MC 9007,"Surrey, RBG Kew, lawn behind Temperate House",-0.2955,51.475,05/08/2020
60146,Euphorbia peplus,Maarten J. M. Christenhusz,MC 9009,"Surrey, RBG Kew, weed in Rosaceae bed 437",-0.2959,51.4729,05/08/2020
60147,Atropa belladonna,Maarten J. M. Christenhusz,MC 9006,"Surrey, Kingston upon Thames, Tenrec Hall, 200 Richmond Road",-0.3018,51.4208,05/08/2020
60148,Circaea lutetiana,Maarten J. M. Christenhusz,MC 9005,"Surrey, RBG Kew, weed in woodland garden",-0.2898,51.4805,04/08/2020
60149,Impatiens noli-tangere,Maarten J. M. Christenhusz,MC 9004,"Surrey, RBG Kew, weed in woodland garden",-0.2898,51.4805,04/08/2020
60150,Euphorbia lathyris,Maarten J. M. Christenhusz,MC 9003,"Surrey, RBG Kew, weed in Queen's Garden",-0.2957,51.4841,04/08/2020
60151,Orobanche hederae,Maarten J. M. Christenhusz,MC 9002,"Surrey, RBG Kew, behind Jodrell bike shed, growing on ivy",-0.2876,51.4821,04/08/2020
60152,Ononis repens,Maarten J. M. Christenhusz,MC 9001,"Kent, Dover",1.3412,51.1313,04/08/2020
60153,Brassica oleracea,Maarten J. M. Christenhusz,MC 9000,"Kent, Dover",1.3412,51.1313,04/08/2020
60154,Borago officinalis,Maarten J. M. Christenhusz,MC 9020,"Surrey, Kingston upon Thames, Wolsey Drive, Tudor Allotment Association.",-0.3003,51.4262,06/08/2020
60155,Crithmum maritimum,Maarten J. M. Christenhusz,MC 9050,"Gwynedd, Wales, Trefor, at the pier",-4.4234,52.9993,21/08/2020
60156,Arctium minus,Maarten J. M. Christenhusz,MC 9019,"Surrey, Kingston upon Thames, Canbury Gardens, between Lower Ham Road and the Thames.",-0.3051,51.4207,06/08/2020
60157,Onobrychis viciifolia,Maarten J. M. Christenhusz,MC 9058,"Surrey, Kingston, behind Berkeley Homes: Richmond Chase along Latchmere Lane.",-0.2951,51.4284,27/08/2020
60158,Honckenya peploides,Maarten J. M. Christenhusz,MC 9049,"Gwynedd, Wales, Trefor, beachfront",-4.423,52.9985,21/08/2020
60159,Potentilla anserina,Maarten J. M. Christenhusz,MC 9040,"Surrey, Kingston upon Thames, Canbury Gardens, between Lower Ham Road and the Thames",-0.3057,51.4224,12/08/2020
60160,Pulicaria dysenterica,Maarten J. M. Christenhusz,MC 9039,"Surrey, Kingston upon Thames, Canbury Gardens, between Lower Ham Road and the Thames",-0.3057,51.4224,12/08/2020
60161,Parietaria judaica,Maarten J. M. Christenhusz,MC 9057,"Surrey, RBG Kew, along the Thames, Bed 213 under Prunus laurocerasus",-0.2998,51.4812,26/08/2020
60162,Cicerbita muralis,Maarten J. M. Christenhusz,MC 9060,"Surrey, RBG Kew, in lawn between bed 182-09 and 182-03.",-0.2946,51.4784,28/08/2020
60163,Bryonia dioica,Maarten J. M. Christenhusz,MC 9030,"Surrey, Kingston, Richmond Road, along fence of Fern Hill Primary School.",-0.303,51.4227,11/08/2020
60164,Rumex sanguineus,Maarten J. M. Christenhusz,MC 9056,"Surrey, RBG Kew, Rhododonderon Dell, bed 227, under Quercus montana",-0.3003,51.4797,26/08/2020
60165,Daucus carota,Maarten J. M. Christenhusz,MC 9054,"Surrey, RBG Kew, behind the Quarantine House",-0.2975,51.4819,26/08/2020
60166,Geum urbanum,Maarten J. M. Christenhusz,MC 9055,"Surrey, RBG Kew, Rhododonderon Dell, bed 227, under Quercus montana",-0.3003,51.4797,26/08/2020
60167,Dioscorea communis,Maarten J. M. Christenhusz,MC 9044,"Gwynedd, Wales, Trefor, edge of Morfa farm in a hedgerow along the road.",-4.4285,52.9984,21/08/2020
60168,Reynoutria japonica,Maarten J. M. Christenhusz,MC 9047,"Gwynedd, Wales, Trefor, edge of Morfa farm in a hedgerow along the road.",-4.4285,52.9984,21/08/2020
60169,Cakile maritima,Maarten J. M. Christenhusz,MC 9048,"Gwynedd, Wales, Trefor, beachfront",-4.423,52.9985,21/08/2020
60170,Dioscorea communis,Maarten J. M. Christenhusz,MC 9045,"Gwynedd, Wales, Trefor, edge of Morfa farm in a hedgerow along the road.",-4.4285,52.9984,21/08/2020
60171,Chaenorhinum minus,Maarten J. M. Christenhusz,MC 9043,"Surrey, RBG Kew, between brickwork of the Bonsai house and the pavement, near the drain. ",-0.2883,51.4817,13/08/2020
60172,Veronica chamaedrys,Maarten J. M. Christenhusz,MC 9028,"Surrey, RBG Kew, near Sackler crossing along the lake, Area 266",-0.299,51.477,10/08/2020
60173,Stellaria media,Maarten J. M. Christenhusz,MC 9027,"Surrey, Kingston upon Thames, Wolsey Drive, Tudor Allotment Association.",-0.3003,51.4262,10/08/2020
60174,Alnus glutinosa,Maarten J. M. Christenhusz,MC 9038,"Surrey, Kingston upon Thames, Canbury Gardens, between Lower Ham Road and the Thames",-0.3051,51.4212,12/08/2020
60175,Filipendula ulmaria,Maarten J. M. Christenhusz,MC 9037,"Surrey, Kingston upon Thames, Canbury Gardens, between Lower Ham Road and the Thames",-0.3051,51.4212,12/08/2020
60176,Convolvulus arvensis,Maarten J. M. Christenhusz,MC 9026,"Surrey, Kingston upon Thames, Wolsey Drive, Tudor Allotment Association.",-0.3003,51.4262,10/08/2020
60177,Rumex hydrolapathum,Maarten J. M. Christenhusz,MC 9036,"Surrey, Kingston upon Thames, Canbury Gardens, between Lower Ham Road and the Thames",-0.3051,51.4212,12/08/2020
60178,Humulus lupulus,Maarten J. M. Christenhusz,MC 9035,"Surrey, Kingston upon Thames, Canbury Gardens, between Lower Ham Road and the Thames",-0.3051,51.4212,12/08/2020
60179,Stachys palustris,Maarten J. M. Christenhusz,MC 9034,"Surrey, Kingston upon Thames, Canbury Gardens, between Lower Ham Road and the Thames",-0.3051,51.4212,12/08/2020
60180,Sambucus nigra,Maarten J. M. Christenhusz,MC 9053,"Surrey, RBG Kew, along the Thames, Bed 213 under Prunus laurocerasus",-0.2998,51.4812,26/08/2020
60181,Eupatorium cannabinum,Maarten J. M. Christenhusz,MC 9025,"Surrey, Kingston upon Thames, Canbury Gardens, between Lower Ham Road and the Thames",-0.3051,51.4207,10/08/2020
60182,Mercurialis annua,Maarten J. M. Christenhusz,MC 9052,"Surrey, RBG Kew, at a drain between White Peaks and Lower Nursery",-0.2956,51.4828,26/08/2020
60183,Arabidopsis thaliana,Maarten J. M. Christenhusz,MC 9041,"Surrey, RBG Kew, along the wall in front of School of Horticulture facing the aquatic garden",-0.2887,51.4819,13/08/2020
60184,Mercurialis annua,Maarten J. M. Christenhusz,MC 9051,"Surrey, RBG Kew, at a drain between White Peaks and Lower Nursery",-0.2956,51.4828,26/08/2020
60185,Chamaemelum nobile,Maarten J. M. Christenhusz,MC 9042,"Surrey, RBG Kew, in lawn in the aquatic garden",-0.2887,51.4819,13/08/2020
60186,Medicago arabica,Maarten J. M. Christenhusz,MC 9024,"Surrey, Kingston upon Thames, Canbury Gardens, between Lower Ham Road and the Thames",-0.3051,51.4207,10/08/2020
60187,Misopates orontium,Maarten J. M. Christenhusz,MC 9021,"Surrey, Kingston upon Thames, Wolsey Drive, Tudor Allotment Association.",-0.3003,51.4262,06/08/2020
60188,Hedera helix,Maarten J. M. Christenhusz,MC 9099,"Surrey, Richmond, Petersham Common, near entrance to Petersham Farm, beach woodland.",-0.2989,51.4469,08/09/2020
60189,Suaeda vera,Maarten J. M. Christenhusz,MC 9106,"Surrey, RBG Kew, Rock Garden",-0.2896,51.4815,09/09/2020
60190,Ilex aquifolium,Maarten J. M. Christenhusz,MC 9098,"Surrey, Richmond, Petersham Common, near entrance to Petersham Farm, beach woodland.",-0.2989,51.4469,08/09/2020
60191,Scrophularia nodosa,Maarten J. M. Christenhusz,MC 9087,"Surrey, Kingston upon Thames, Molesey, Home Park, water's edge of Hampton Wick Pond.",-0.317,51.4093,07/09/2020
60192,Chelidonium majus,Maarten J. M. Christenhusz,MC 9086,"Surrey, Kingston upon Thames, Molesey, Home Park along Horse Fair, junction with Barge Walk",-0.3108,51.4111,07/09/2020
60193,Ranunculus acris,Maarten J. M. Christenhusz,MC 9105,"Surrey, RBG Kew, Arboretum, edge of bed 226, under trees. ",-0.299,51.48,08/09/2020
60194,Euonymus europaeus,Maarten J. M. Christenhusz,MC 9104,"Surrey, RBG Kew, Arboretum. Origin: Suffolk, Bury St. Edmunds, Pakenham, roadside in hedgerow",-0.2979,51.4808,08/09/2020
60195,Chamaenerion angustifolium,Maarten J. M. Christenhusz,MC 9103,"Surrey, RBG Kew, back of bed 242, weedy vegetation between trees with willow herb",-0.2962,51.4805,08/09/2020
60196,Polygonum aviculare,Maarten J. M. Christenhusz,MC 9102,"Surrey, RBG Kew, weed in bed 124 under big maple Acer platanoides 1969-10345. ",-0.2936,51.4812,08/09/2020
60197,Geranium robertianum,Maarten J. M. Christenhusz,MC 9101,"Surrey, RBG Kew, Jodrell Gate, along wall at the parking. ",-0.2878,51.482,08/09/2020
60198,Scutellaria galericulata,Sahr Mian,SM 20,"Surrey, RBG Kew, Jodrell Laboratory Glasshouses, grown from seed from Millennium Seed Bank",-0.2877,51.4825,10/09/2020
60199,Galium aparine,Maarten J. M. Christenhusz,MC 9094,"Surrey, Kingston upon Thames, Wolsey Drive, Tudor Allotment Association.",-0.3003,51.4262,07/09/2020
60200,Clematis vitalba,Maarten J. M. Christenhusz,MC 9093,"Surrey, Kingston upon Thames, corner of Sury Basin and Skerne Road,Seven Kings Car Park",-0.3051,51.415,07/09/2020
60201,Buxus sempervirens,Maarten J. M. Christenhusz,MC 9100,"Surrey, RBG Kew conservation area 310, along the woodland boardwalk. Origin: Surrey, Box Hill",-0.3058,51.4744,08/09/2020
60202,Scutellaria minor,Sahr Mian,SM 21,"Surrey, RBG Kew, Jodrell Laboratory Glasshouses, grown from seed from Millennium Seed Bank.",-0.2877,51.4825,10/09/2020
60203,Typha latifolia,Maarten J. M. Christenhusz,MC 9085,"Surrey, RBG Kew, rock garden. Origin: Sussex, Wakehurst Place, margin of Car Park Pond",-0.2896,51.4815,03/09/2020
60204,Sarracenia purpurea,Maarten J. M. Christenhusz,MC 9084,"Surrey, RBG Kew, rock garden. Origin: Dorset, Wareham, LowerHyde Bog",-0.2896,51.4815,03/09/2020
60205,Acer campestre,Maarten J. M. Christenhusz,MC 9097,"Surrey, Richmond, Petersham Common, near entrance to Petersham Farm, beach woodland.",-0.2989,51.4469,08/09/2020
60206,Buddleja davidii,Maarten J. M. Christenhusz,MC 9096,"Surrey, Kingston upon Thames, Barge Walk, Barge Dock parking, Venturer Pier",-0.3077,51.4136,07/09/2020
60207,Impatiens glandulifera,Maarten J. M. Christenhusz,MC 9095,"Surrey, Richmond, Buccleuch Passage, along the Thames in shrubbery.",-0.3026,51.4529,07/09/2020
60208,Lathyrus linifolius,Maarten J. M. Christenhusz,MC 9083,"Surrey, RBG Kew, rock garden. Origin: Mardale Mountain Meadow below Harter Fell",-0.2896,51.4815,03/09/2020
60209,Carex depauperata,Maarten J. M. Christenhusz,MC 9082,"Surrey, RBG Kew, rock garden. ",-0.2896,51.4815,03/09/2020
60210,Viscum album,Maarten J. M. Christenhusz,MC 9090,"Surrey, Kingston upon Thames, Molesey, Home Park, on planted trees along Hampton Court Rd.",-0.3319,51.4061,07/09/2020
60211,Schoenoplectus lacustris,Maarten J. M. Christenhusz,MC 9070,"Surrey, RBG Kew, aquatic garden. Origin: Wales, Glamorgan, Pile Bredgend, Frog Pond",-0.2885,51.4823,01/09/2020
60212,Aponogeton distachyos,Maarten J. M. Christenhusz,MC 9067,"Surrey, RBG Kew, aquatic garden.",-0.2885,51.4823,01/09/2020
60213,Helianthemum apenninum,Maarten J. M. Christenhusz,MC 9079,"Surrey, RBG Kew, rock garden. Origin: Somerset, Brean Down, 97 m.",-0.2896,51.4815,03/09/2020
60214,Nymphoides peltata,Maarten J. M. Christenhusz,MC 9066,"Surrey, RBG Kew, aquatic garden.",-0.2885,51.4823,01/09/2020
60215,Geum rivale,Maarten J. M. Christenhusz,MC 9077,"Surrey, RBG Kew, rock garden. Origin: Gully within N face of Riggindale Fell",-0.2896,51.4815,03/09/2020
60216,Erica ciliaris,Maarten J. M. Christenhusz,MC 9080,"Surrey, RBG Kew, rock garden. Origin: Dorset, Wytch Heath, near Wareham",-0.2896,51.4815,03/09/2020
60217,Veronica spicata,Maarten J. M. Christenhusz,MC 9081,"Surrey, RBG Kew, rock garden. Origin: Somerset, Bristol, Avon Gorge.",-0.2896,51.4815,03/09/2020
60218,Viola riviniana,Maarten J. M. Christenhusz,MC 9078,"Surrey, RBG Kew, rock garden. Origin: North Cambridgeshire",-0.2896,51.4815,03/09/2020
60219,Butomus umbellatus,Maarten J. M. Christenhusz,MC 9069,"Surrey, RBG Kew, aquatic garden.",-0.2885,51.4823,01/09/2020
60220,Tanacetum vulgare,Maarten J. M. Christenhusz,MC 9065,"Surrey, Kingston upon Thames, along towparth between Northweald Lane, Ham and the Thames",-0.3121,51.4282,01/09/2020
60221,Hypericum perforatum,Maarten J. M. Christenhusz,MC 9064,"Surrey, Kingston upon Thames, along towparth between Northweald Lane, Ham and the Thames ",-0.3121,51.4282,01/09/2020
60222,Linaria vulgaris,Maarten J. M. Christenhusz,MC 9063,"Surrey, Kingston upon Thames, along towparth between Northweald Lane, Ham and the Thames",-0.3121,51.4282,01/09/2020
60223,Plantago lanceolata,Maarten J. M. Christenhusz,MC 9062,"Surrey, RBG Kew, in lawn between bed 182-09 and 182-03.",-0.2946,51.4784,28/08/2020
60224,Bellis perennis,Maarten J. M. Christenhusz,MC 9061,"Surrey, RBG Kew, in lawn between bed 182-09 and 182-03.",-0.2946,51.4784,28/08/2020
60225,Pontederia cordata,Maarten J. M. Christenhusz,MC 9068,"Surrey, RBG Kew, aquatic garden.",-0.2885,51.4823,01/09/2020
60226,Thymus serpyllum,Maarten J. M. Christenhusz,MC 9076,"Surrey, RBG Kew, rock garden. Origin: Norfolk, Grimes Graves",-0.2896,51.4815,03/09/2020
60227,Anemone pulsatilla,Maarten J. M. Christenhusz,MC 9075,"Surrey, RBG Kew, rock garden. Origin: Cambridgeshire, Barnack, ancient disused stone quarry",-0.2896,51.4815,03/09/2020
60228,Comarum palustre,Maarten J. M. Christenhusz,MC 9074,"Surrey, RBG Kew, rock garden. Origin: Scotland, Invernesshire, Arisaig",-0.2896,51.4815,03/09/2020
60229,Lysimachia vulgaris,Maarten J. M. Christenhusz,MC 9073,"Surrey, RBG Kew, rock garden. Origin: England, Hampshire, nr Aldershot, Ashvale, Mychett Lake",-0.2896,51.4815,03/09/2020
60230,Ballota nigra,Maarten J. M. Christenhusz,MC 9072,"Surrey, RBG Kew, weed at the Lower Nursery, in gravel beside one of the greenhouses.",-0.2972,51.4826,02/09/2020
60231,Lamium album,Maarten J. M. Christenhusz,MC 9071,"Surrey, Richmond, Petersham Meadows, end of River Lane, along the towpath, Thames",-0.3055,51.4488,02/09/2020
60232,Viscum album,David Bell,1480,Scotland; National Gallery,-3.223566,55.952054,Nov.2020
60233,Hedera helix,David Bell,1481,"Midlothian, Royal Botanic Garden Edinburgh, Inverleith",-3.201966,55.964173,Nov.2020
60234,Lotus corniculatus,Zoe Goodwin,1884,"Midlothian, Royal Botanic Garden Edinburgh, Inverleith",-3.20916667,55.9652278,07/08/2020
60235,Ulex europaeus,David Bell,1485,"Berwickshire, Spottiswoode",-2.633154,55.744922,03/12/2020
60236,Sphagnum fallax,David G Long,EDTOL1,"Berwickshire, Spottiswoode Forest",-2.631136,55.740286,25/08/2019
60237,Dicranum scoparium,David G Long,EDTOL2,"Berwickshire, Spottiswoode Forest",-2.631136,55.740286,25/08/2019
60243,Encalypta streptocarpa,"David Bell, David G Long",1467,"Berwickshire, Spottiswoode House",-2.633195,55.740563,30/10/2020
60245,Calliergonella cuspidata,"David Bell, David G Long",1468,"Berwickshire, Spottiswoode House",-2.633195,55.740563,30/10/2020
60246,Anomodon viticulosus,"David Bell, David G Long",1469,"Berwickshire, Spottiswoode House",-2.633195,55.740563,30/10/2020
60248,Dicranella heteromalla,"David Bell, David G Long",1473,"Berwickshire, Spottiswoode",-2.630054,55.743356,30/10/2020
60251,Plagiomnium undulatum,David Bell,1412,"Midlothian, Royal Botanic Garden Edinburgh",-3.21125,55.96577778,18/08/2020
60252,Kindbergia praelonga,David Bell,1411,"Midlothian, Royal Botanic Garden Edinburgh",-3.21125,55.96577778,18/08/2020
60253,Rhytidiadelphus squarrosus,David Bell,1436,"Peeblesshire, Talla and Gameshope Borders Forest Trust Res., Donald's Cleuch and Games Hope",-3.36026,55.444053,23/09/2020
60255,Sanionia uncinata,"David Bell, David G Long",1474,"Berwickshire, Spottiswoode",-2.630392,55.743543,30/10/2020
60256,Plagiothecium undulatum,"David Bell, David G Long",1476,"Berwickshire, Spottiswoode",-2.632696,55.744133,30/10/2020
60257,Sphagnum inundatum,"David Bell, David G Long",1478,"Berwickshire, Spottiswoode",-2.634482,55.746209,30/10/2020
60258,Plagiothecium denticulatum,"David Bell, David G Long",1477,"Berwickshire, Spottiswoode",-2.633007,55.747636,30/10/2020
60259,Pogonatum urnigerum,"David Bell, David G Long",1479,"Berwickshire, Spottiswoode",-2.636142,55.745428,30/10/2020
60260,Hylocomiadelphus triquetrus,"David Bell, Elizabeth Kungu",1439,"Peeblesshire, Dawyck Botanic Garden, by path to Dawyck Chapel",-3.320203,55.602282,01/10/2020
60261,Rhytidiadelphus loreus,"David Bell, Elizabeth Kungu",1440,"Peeblesshire, Dawyck Botanic Garden, by path to Dawyck Chapel",-3.320203,55.602282,01/10/2020
60262,Hypnum andoi,"David Bell, Elizabeth Kungu",1442,"Peeblesshire, Dawyck Botanic Garden, by track behind Dawyck Chapel",-3.321536,55.600865,01/10/2020
60263,Hypnum cupressiforme,"David Bell, Elizabeth Kungu",1443,"Peeblesshire, Dawyck Botanic Garden, by track behind Dawyck Chapel",-3.321536,55.600865,01/10/2020
60264,Didymodon insulanus,"David Bell, Elizabeth Kungu",1441,"Peeblesshire, Dawyck Botanic Garden, by track behind Dawyck Chapel",-3.321536,55.600865,01/10/2020
60266,Thuidium tamariscinum,"David Bell, Elizabeth Kungu",1445,"Peeblesshire, Dawyck Botanic Garden, Upper Scrape Glen on path above Scrape Burn",-3.319105,55.59984,01/10/2020
60268,Homalothecium sericeum,"David Bell, Elizabeth Kungu",1451,"Peeblesshire, Dawyck Botanic Garden, Hillside above Dawyck House",-3.314618,55.603339,01/10/2020
60269,Neckera pumila,"David Bell, Elizabeth Kungu",1447,"Peeblesshire, Dawyck Botanic Garden, Scrape Burn",-3.319268,55.600458,01/10/2020
60270,Isothecium myosuroides,"David Bell, Elizabeth Kungu",1448,"Peeblesshire, Dawyck Botanic Garden, Cryptogamic Sanctuary",-3.317307,55.60021,01/10/2020
60271,Isothecium alopecuroides,"David Bell, Elizabeth Kungu",1449,"Peeblesshire, Dawyck Botanic Garden, Cryptogamic Sanctuary",-3.317307,55.60021,01/10/2020
60272,Pulvigera lyellii,"David Bell, Elizabeth Kungu",1450,"Peeblesshire, Dawyck Botanic Garden, Hillside above Dawyck House",-3.315163,55.60301,01/10/2020
60273,Zygodon viridissimus,"David Bell, Elizabeth Kungu",1452,"Peeblesshire, Dawyck Botanic Garden, Hillside above Dawyck House",-3.314618,55.603339,01/10/2020
60274,Thamnobryum alopecurum,"David Bell, Elizabeth Kungu",1453,"Peeblesshire, Dawyck Botanic Garden, Lower Scrape Glen, footbridge by Dynamo House",-3.318909,55.602511,01/10/2020
60275,Palustriella commutata,"David Bell, David G Long",1454,"Dumfriesshire, Carrifran Wildwood, Carrifran Burn below Dun Knowe",-3.328565,55.397154,16/10/2020
60276,Campylium stellatum,"David Bell, David G Long",1455,"Dumfriesshire, Carrifran Wildwood, Carrifran Burn below Dun Knowe",-3.328565,55.397154,16/10/2020
60277,Schistidium strictum,"David Bell, David G Long",1456,"Dumfriesshire, Carrifran Wildwood, Raven Craig",-3.352473,55.407776,16/10/2020
60278,Ctenidium molluscum,"David Bell, David G Long",1457,"Dumfriesshire, Carrifran Wildwood, Raven Craig",-3.352473,55.407776,16/10/2020
60279,Tortella tortuosa,"David Bell, David G Long",1458,"Dumfriesshire, Carrifran Wildwood, Raven Craig",-3.352473,55.407776,16/10/2020
60280,Thuidium delicatulum,"David Bell, David G Long",1459,"Dumfriesshire, Carrifran Wildwood, Raven Craig",-3.350373,55.409174,16/10/2020
60281,Neckera crispa,"David Bell, David G Long",1460,"Dumfriesshire, Carrifran Wildwood, Raven Craig",-3.350214,55.410084,16/10/2020
60283,Grimmia ramondii,"David Bell, David G Long",1462,"Dumfriesshire, Carrifran Wildwood, Raven Craig",-3.350214,55.410084,16/10/2020
60284,Ptilium crista-castrensis,"David Bell, David G Long",1463,"Dumfriesshire, Carrifran Wildwood, Raven Craig",-3.350612,55.411095,16/10/2020
60285,Palustriella falcata,"David Bell, David G Long",1464,"Dumfriesshire, Carrifran Wildwood, Carrifran Burn below Dun Knowe",-3.328565,55.397154,16/10/2020
60286,Scorpidium revolvens,"David Bell, David G Long",1465,"Dumfriesshire, Carrifran Wildwood, Carrifran Burn below Dun Knowe",-3.328565,55.397154,16/10/2020
60287,Dichodontium palustre,David Bell,1415,"Peeblesshire, Talla & Gameshope Borders Forest Trust Res., Donald's Cleuch",-3.354083333,55.44338889,04/09/2020
60288,Scorpidium cossonii,David Bell,1419,"Peeblesshire, Talla & Gameshope Borders Forest Trust Res., Donald's Cleuch",-3.347194444,55.44061111,04/09/2020
60289,Sarmentypnum exannulatum,David Bell,1420,"Peeblesshire, Talla & Gameshope Borders Forest Trust Res., Donald's Cleuch below Great Hill",-3.343472222,55.43336111,04/09/2020
60290,Amphidium mougeotii,David Bell,1426,"Peeblesshire, Talla & Gameshope Borders Forest Trust Res., Games Hope opposite bothy",-3.367722222,55.4535,04/09/2020
60291,Bryum alpinum,David Bell,1427,"Peeblesshire, Talla & Gameshope Borders Forest Trust Res., Games Hope opposite bothy",-3.367722222,55.4535,04/09/2020
60292,Bryum julaceum,David Bell,1428,"Peeblesshire, Talla & Gameshope Borders Forest Trust Res., Games Hope Burn nr March Sike",-3.374236,55.462222,23/09/2020
60295,Aulacomnium palustre,David Bell,1438,"Peeblesshire, Talla & Gameshope Borders Forest Trust Res., Games Hope below Carlavin Hill",-3.364654,55.452281,23/09/2020
60296,Polytrichum commune,David Bell,1422,"Peeblesshire, Talla & Gameshope Borders Forest Trust Res., Donald's Cleuch and Games Hope",-3.359,55.44380556,04/09/2020
60297,Diplophyllum albicans,David Bell,1416,"Peeblesshire, Talla & Gameshope Borders Forest Trust Res., Donald's Cleuch",-3.352972222,55.44305556,04/09/2020
60299,Philonotis fontana,David Bell,1417,"Peeblesshire, Talla & Gameshope Borders Forest Trust Res., Donald's Cleuch",-3.352972222,55.44305556,04/09/2020
60300,Fontinalis antipyretica,David Bell,1418,"Peeblesshire, Talla & Gameshope Borders Forest Trust Res., Donald's Cleuch",-3.346861111,55.44061111,04/09/2020
60301,Racomitrium lanuginosum,David Bell,1425,"Peeblesshire, Talla & Gameshope Borders Forest Trust Res., Donald's Cleuch and Games Hope",-3.360277778,55.44422222,04/09/2020
60302,Mnium hornum,David Bell,1414,"Midlothian, Royal Botanic Garden Edinburgh",-3.21125,55.96577778,18/08/2020
60303,Hylocomium splendens,David Bell,1423,"Peeblesshire, Talla & Gameshope Borders Forest Trust Res., Donald's Cleuch and Games Hope",-3.359,55.44380556,04/09/2020
60304,Campylopus atrovirens,David Bell,1424,"Peeblesshire, Talla & Gameshope Borders Forest Trust Res., Donald's Cleuch and Games Hope",-3.360277778,55.44422222,04/09/2020
60305,Pleurozium schreberi,David Bell,1421,"Peeblesshire, Talla & Gameshope Borders Forest Trust Res., Donald's Cleuch and Games Hope",-3.359305556,55.44380556,04/09/2020
60306,Atrichum undulatum,David Bell,1413,"Midlothian, Royal Botanic Garden Edinburgh",-3.21125,55.96577778,18/08/2020
60307,Fissidens osmundoides,David Bell,1432,"Peeblesshire, Talla & Gameshope Borders Forest Trust Res., Games Hope Burn nr March Sike",-3.374236,55.462222,23/09/2020
60310,Breutelia chrysocoma,David Bell,1431,"Peeblesshire, Talla & Gameshope Borders Forest Trust Res., Games Hope Burn nr March Sike",-3.374236,55.462222,23/09/2020
60313,Polytrichum commune,David Bell,1483,"Berwickshire, Spottiswoode",-2.633629,55.746663,03/12/2020
60314,Hylocomiadelphus triquetrus,David Bell,1484,"Berwickshire, Spottiswoode",-2.628495,55.746447,03/12/2020
60315,Dryopteris aemula,Mary Gibby,MG2019-1,"Scotland, Benmore Botanic Garden, site 12 on Fern Trail map",-4.991616,56.02246,29-Aug-19
60316,Blechnum spicant,Mary Gibby,MG2019-4,"Scotland, Benmore Botanic Garden",-4.988167,56.025972,29-Aug-19
60317,Oreopteris limbospermum,Mary Gibby,MG2019-2,"Scotland, Benmore Botanic Garden, site 9 on Fern Trail map",-4.989246,56.02334,29-Aug-19
60318,Athyrium filix-femina,Mary Gibby,MG2019-3,"Scotland, Benmore Botanic Garden",-4.989149,56.02537,29-Aug-19
60319,Equisetum hyemale,"Zoe Goodwin, David Bell",1913,"Midlothian, Royal Botanic Garden Edinburgh, Inverleith",-3.20916667,55.9652278,26/08/2020
60320,Equisetum arvense,"Zoe Goodwin, David Bell",1912,"Midlothian, Royal Botanic Garden Edinburgh, Inverleith",-3.20916667,55.9652278,26/08/2020
60321,Pilularia globulifera,"Zoe Goodwin, David Bell",1916,"Midlothian, Royal Botanic Garden Edinburgh, Inverleith",-3.20916667,55.9652278,26/08/2020
60322,Woodsia alpina,"Zoe Goodwin, David Bell",1910,"Midlothian, Royal Botanic Garden Edinburgh, Inverleith",-3.20916667,55.9652278,26/08/2020
60323,Thelypteris palustris,"Zoe Goodwin, David Bell",1915,"Midlothian, Royal Botanic Garden Edinburgh, Inverleith",-3.20916667,55.9652278,26/08/2020
60324,Woodsia ilvensis,"Zoe Goodwin, David Bell",1911,"Midlothian, Royal Botanic Garden Edinburgh, Inverleith",-3.20916667,55.9652278,26/08/2020
60325,Gymnocarpium robertianum,"Zoe Goodwin, David Bell",1914,"Midlothian, Royal Botanic Garden Edinburgh, Inverleith",-3.20916667,55.9652278,26/08/2020
60326,Athyrium distentifolium,"Zoe Goodwin, David Bell",1896,"Midlothian, Royal Botanic Garden Edinburgh, Inverleith",-3.20916667,55.9652278,11/08/2020
60327,Blechnum spicant,Zoe Goodwin,1890,"Midlothian, Royal Botanic Garden Edinburgh, Inverleith",-3.20916667,55.9652278,07/08/2020
60328,Pteridium aquilinum,Zoe Goodwin,1875,"Midlothian, Royal Botanic Garden Edinburgh, Inverleith",-3.20916667,55.9652278,06/08/2020
60329,Lycopodium clavatum,Zoe Goodwin,1887,"Midlothian, Royal Botanic Garden Edinburgh, Inverleith",-3.20916667,55.9652278,07/08/2020
60330,Equisetum telmateia,Maarten J. M. Christenhusz,MC 9046,"Gwynedd, Wales, Trefor, along Croes-higol Road, on the edge of the village.",-4.4255,52.9933,21/08/2020
60331,Osmunda regalis,Maarten J. M. Christenhusz,MC 9029,"Surrey, RBG Kew, near Sackler crossing along the lake, Area 266",-0.299,51.477,10/08/2020
60332,Asplenium scolopendrium,Maarten J. M. Christenhusz,MC 9023,"Surrey, Kingston upon Thames, Tenrec Hall, 200 Richmond Road",-0.3018,51.4208,07/08/2020
60333,Adiantum capillus-veneris,Maarten J. M. Christenhusz,MC 9022,"Surrey, Kingston upon Thames, Tenrec Hall, 200 Richmond Road",-0.3018,51.4208,07/08/2020
60334,Equisetum palustre,Maarten J. M. Christenhusz,MC 9089,"Surrey, Kingston upon Thames, Molesey, Home Park, water's edge of Hampton Wick Pond.",-0.317,51.4093,07/09/2020
60335,Equisetum arvense,Maarten J. M. Christenhusz,MC 9088,"Surrey, Kingston upon Thames, Molesey, Home Park, water's edge of Hampton Wick Pond.",-0.317,51.4093,07/09/2020
60336,Polypodium vulgare,Maarten J. M. Christenhusz,MC 9092,"Surrey, Kingston upon Thames, TurksPier, brickwork at water's edge, quay of JohnLewis complex",-0.308,51.4121,07/09/2020
60337,Asplenium ruta-muraria,Maarten J. M. Christenhusz,MC 9091,"Surrey, Kingston upon Thames, on brickwork on north side of Kingston Bridge. ",-0.3097,51.4114,07/09/2020
60338,Lycopodium clavatum,Laura L Forrest,EDTOL4,"Scotland, Royal Botanic Garden Edinburgh",-3.207801,55.965312,03/10/2019
60347,Neoorthocaulis floerkei,David G Long,EDTOL3,"Berwickshire, Spottiswoode Forest",-2.631136,55.740286,25/08/2019
60348,Apopellia endiviifolia,Laura L Forrest,EDTOL6h,"Scotland, East Lothian, Binning Wood",-2.65449,56.012186,03/10/2019
60349,Conocephalum conicum,Laura L Forrest,EDTOL5a,"Scotland, East Lothian, Binning Wood",-2.65449,56.012186,03/10/2019
60350,Metzgeria furcata,"David Bell, David G Long",1466,"Berwickshire, Spottiswoode House",-2.633195,55.740563,30/10/2020
60351,Radula complanata,"David Bell, David G Long",1470,"Berwickshire, Spottiswoode nr Eastside",-2.622187,55.745508,30/10/2020
60352,Frullania dilatata,"David Bell, David G Long",1471,"Berwickshire, Spottiswoode nr Eastside",-2.62165,55.745798,30/10/2020
60353,Lepidozia reptans,"David Bell, David G Long",1472,"Berwickshire, Spottiswoode",-2.630054,55.743356,30/10/2020
60354,Lophocolea bidentata,"David Bell, David G Long",1475,"Berwickshire, Spottiswoode",-2.630392,55.743543,30/10/2020
60355,Riccardia palmata,"David Bell, Elizabeth Kungu",1444,"Peeblesshire, Dawyck Botanic Garden, by track behind Dawyck Chapel",-3.321536,55.600865,01/10/2020
60356,Porella cordaeana,"David Bell, Elizabeth Kungu",1446,"Peeblesshire, Dawyck Botanic Garden, Upper Scrape Glen on path above Scrape Burn",-3.319263,55.600306,01/10/2020
60357,Tritomaria quinquedentata,"David Bell, David G Long",1461,"Dumfriesshire, Carrifran Wildwood, Raven Craig",-3.350214,55.410084,16/10/2020
60358,Lejeunea patens,David Bell,1429,"Peeblesshire, Talla & Gameshope Borders Forest Trust Res., Games Hope Burn nr March Sike",-3.374236,55.462222,23/09/2020
60359,Marsupella emarginata,David Bell,1430,"Peeblesshire, Talla & Gameshope Borders Forest Trust Res., Games Hope Burn nr March Sike",-3.374236,55.462222,23/09/2020
60360,Ptilidium ciliare,David Bell,1435,"Peeblesshire, Talla & Gameshope Borders Forest Trust Res., Donald's Cleuch and Games Hope",-3.36026,55.444053,23/09/2020
60361,Frullania tamarisci,David Bell,1433,"Peeblesshire, Talla & Gameshope Borders Forest Trust Res., Games Hope Burn nr March Sike",-3.374236,55.462222,23/09/2020
60362,Plagiochila porelloides,David Bell,1434,"Peeblesshire, Talla & Gameshope Borders Forest Trust Res., Games Hope Burn nr March Sike",-3.374239,55.461854,23/09/2020
60417,Lunularia cruciata,David Bell,1482,"Midlothian, Royal Botanic Garden Edinburgh, Inverleith",-3.202958,55.964146,23/11/2020
