group,family,genus,species,date
Conifers,Cupressaceae,Juniperus,Juniperus communis,2021-10-18
Conifers,Pinaceae,Pinus,Pinus sylvestris,2021-10-18
Conifers,Pinaceae,Pseudotsuga,Pseudotsuga menziesii,2021-10-18
Conifers,Taxaceae,Taxus,Taxus baccata,2021-10-18
Ferns & fern allies,Aspleniaceae,Asplenium,Asplenium ceterach,2021-10-18
Ferns & fern allies,Aspleniaceae,Asplenium,Asplenium marinum,2021-10-18
Ferns & fern allies,Aspleniaceae,Asplenium,Asplenium ruta-muraria,2021-10-18
Ferns & fern allies,Aspleniaceae,Asplenium,Asplenium scolopendrium,2021-10-18
Ferns & fern allies,Aspleniaceae,Asplenium,Asplenium trichomanes,2021-10-18
Ferns & fern allies,Aspleniaceae,Asplenium,Asplenium viride,2021-10-18
Ferns & fern allies,Blechnaceae,Blechnum,Blechnum spicant,2021-10-18
Ferns & fern allies,Cystopteridaceae,Cystopteris,Cystopteris montana,2021-10-18
Ferns & fern allies,Cystopteridaceae,Gymnocarpium,Gymnocarpium robertianum,2021-10-18
Ferns & fern allies,Dennstaedtiaceae,Pteridium,Pteridium aquilinum,2021-10-18
Ferns & fern allies,Dryopteridaceae,Dryopteris,Dryopteris aemula,2021-10-18
Ferns & fern allies,Dryopteridaceae,Dryopteris,Dryopteris filix-mas,2021-10-18
Ferns & fern allies,Dryopteridaceae,Polystichum,Polystichum lonchitis,2021-10-18
Ferns & fern allies,Dryopteridaceae,Polystichum,Polystichum setiferum,2021-10-18
Ferns & fern allies,Equisetaceae,Equisetum,Equisetum arvense,2021-10-18
Ferns & fern allies,Equisetaceae,Equisetum,Equisetum hyemale,2021-10-18
Ferns & fern allies,Equisetaceae,Equisetum,Equisetum palustre,2021-10-18
Ferns & fern allies,Equisetaceae,Equisetum,Equisetum sylvaticum,2021-10-18
Ferns & fern allies,Equisetaceae,Equisetum,Equisetum telmateia,2021-10-18
Ferns & fern allies,Equisetaceae,Equisetum,Equisetum variegatum,2021-10-18
Ferns & fern allies,Hymenophyllaceae,Hymenophyllum,Hymenophyllum tunbrigense,2021-10-18
Ferns & fern allies,Lycopodiaceae,Diphasiastrum,Diphasiastrum alpinum,2021-10-18
Ferns & fern allies,Lycopodiaceae,Huperzia,Huperzia selago,2021-10-18
Ferns & fern allies,Lycopodiaceae,Lycopodium,Lycopodium clavatum,2021-10-18
Ferns & fern allies,Marsileaceae,Pilularia,Pilularia globulifera,2021-10-18
Ferns & fern allies,Ophioglossaceae,Ophioglossum,Ophioglossum vulgatum,2021-10-18
Ferns & fern allies,Osmundaceae,Osmunda,Osmunda regalis,2021-10-18
Ferns & fern allies,Polypodiaceae,Polypodium,Polypodium vulgare,2021-10-18
Ferns & fern allies,Pteridaceae,Adiantum,Adiantum capillus-veneris,2021-10-18
Ferns & fern allies,Pteridaceae,Cryptogramma,Cryptogramma crispa,2021-10-18
Ferns & fern allies,Selaginellaceae,Selaginella,Selaginella selaginoides,2021-10-18
Ferns & fern allies,Thelypteridaceae,Oreopteris,Oreopteris limbospermum,2021-10-18
Ferns & fern allies,Thelypteridaceae,Phegopteris,Phegopteris connectilis,2021-10-18
Ferns & fern allies,Thelypteridaceae,Thelypteris,Thelypteris palustris,2021-10-18
Ferns & fern allies,Woodsiaceae,Athyrium,Athyrium distentifolium,2021-10-18
Ferns & fern allies,Woodsiaceae,Athyrium,Athyrium filix-femina,2021-10-18
Ferns & fern allies,Woodsiaceae,Woodsia,Woodsia alpina,2021-10-18
Ferns & fern allies,Woodsiaceae,Woodsia,Woodsia ilvensis,2021-10-18
Flowering plants,Adoxaceae,Adoxa,Adoxa moschatellina,2021-10-18
Flowering plants,Adoxaceae,Sambucus,Sambucus nigra,2021-10-18
Flowering plants,Adoxaceae,Viburnum,Viburnum lantana,2021-10-18
Flowering plants,Alismataceae,Alisma,Alisma plantago-aquatica,2021-10-18
Flowering plants,Amaranthaceae,Atriplex,Atriplex glabriuscula,2021-10-18
Flowering plants,Amaranthaceae,Atriplex,Atriplex laciniata,2021-10-18
Flowering plants,Amaranthaceae,Atriplex,Atriplex littoralis,2021-10-18
Flowering plants,Amaranthaceae,Atriplex,Atriplex portulacoides,2021-10-18
Flowering plants,Amaranthaceae,Atriplex,Atriplex praecox,2021-10-18
Flowering plants,Amaranthaceae,Chenopodium,Chenopodium album,2021-10-18
Flowering plants,Amaranthaceae,Salicornia,Salicornia ramosissima,2021-10-18
Flowering plants,Amaranthaceae,Salsola,Salsola kali,2021-10-18
Flowering plants,Amaranthaceae,Suaeda,Suaeda maritima,2021-10-18
Flowering plants,Amaranthaceae,Suaeda,Suaeda vera,2021-10-18
Flowering plants,Amaryllidaceae,Allium,Allium ampeloprasum,2021-10-18
Flowering plants,Amaryllidaceae,Allium,Allium schoenoprasum,2021-10-18
Flowering plants,Amaryllidaceae,Allium,Allium triquetrum,2021-10-18
Flowering plants,Amaryllidaceae,Allium,Allium ursinum,2021-10-18
Flowering plants,Amaryllidaceae,Narcissus,Narcissus pseudonarcissus,2021-10-18
Flowering plants,Apiaceae,Angelica,Angelica archangelica,2021-10-18
Flowering plants,Apiaceae,Angelica,Angelica sylvestris,2021-10-18
Flowering plants,Apiaceae,Anthriscus,Anthriscus sylvestris,2021-10-18
Flowering plants,Apiaceae,Crithmum,Crithmum maritimum,2021-10-18
Flowering plants,Apiaceae,Daucus,Daucus carota,2021-10-18
Flowering plants,Apiaceae,Eryngium,Eryngium campestre,2021-10-18
Flowering plants,Apiaceae,Helosciadium,Helosciadium nodiflorum,2021-10-18
Flowering plants,Apiaceae,Heracleum,Heracleum mantegazzianum,2021-10-18
Flowering plants,Apiaceae,Ligusticum,Ligusticum scoticum,2021-10-18
Flowering plants,Apiaceae,Sanicula,Sanicula europaea,2021-10-18
Flowering plants,Apiaceae,Smyrnium,Smyrnium olusatrum,2021-10-18
Flowering plants,Apiaceae,Smyrnium,Smyrnium perfoliatum,2021-10-18
Flowering plants,Apiaceae,Torilis,Torilis japonica,2021-10-18
Flowering plants,Apocynaceae,Vinca,Vinca minor,2021-10-18
Flowering plants,Aponogetonaceae,Aponogeton,Aponogeton distachyos,2021-10-18
Flowering plants,Aquifoliaceae,Ilex,Ilex aquifolium,2021-10-18
Flowering plants,Araceae,Arum,Arum maculatum,2021-10-18
Flowering plants,Araceae,Lemna,Lemna gibba,2021-10-18
Flowering plants,Araceae,Lemna,Lemna minuta,2021-10-18
Flowering plants,Araceae,Lemna,Lemna trisulca,2021-10-18
Flowering plants,Araceae,Lysichiton,Lysichiton americanus,2021-10-18
Flowering plants,Araceae,Spirodela,Spirodela polyrhiza,2021-10-18
Flowering plants,Araliaceae,Hedera,Hedera helix,2021-10-18
Flowering plants,Araliaceae,Hedera,Hedera hibernica,2021-10-18
Flowering plants,Aristolochiaceae,Aristolochia,Aristolochia clematitis,2021-10-18
Flowering plants,Asparagaceae,Hyacinthoides,Hyacinthoides non-scripta,2021-10-18
Flowering plants,Asparagaceae,Ruscus,Ruscus aculeatus,2021-10-18
Flowering plants,Asparagaceae,Scilla,Scilla verna,2021-10-18
Flowering plants,Asteraceae,Achillea,Achillea millefolium,2021-10-18
Flowering plants,Asteraceae,Achillea,Achillea ptarmica,2021-10-18
Flowering plants,Asteraceae,Arctium,Arctium minus,2021-10-18
Flowering plants,Asteraceae,Artemisia,Artemisia absinthium,2021-10-18
Flowering plants,Asteraceae,Artemisia,Artemisia maritima,2021-10-18
Flowering plants,Asteraceae,Artemisia,Artemisia vulgaris,2021-10-18
Flowering plants,Asteraceae,Bellis,Bellis perennis,2021-10-18
Flowering plants,Asteraceae,Calendula,Calendula officinalis,2021-10-18
Flowering plants,Asteraceae,Centaurea,Centaurea nigra,2021-10-18
Flowering plants,Asteraceae,Chamaemelum,Chamaemelum nobile,2021-10-18
Flowering plants,Asteraceae,Cicerbita,Cicerbita alpina,2021-10-18
Flowering plants,Asteraceae,Cichorium,Cichorium intybus,2021-10-18
Flowering plants,Asteraceae,Cirsium,Cirsium arvense,2021-10-18
Flowering plants,Asteraceae,Cirsium,Cirsium heterophyllum,2021-10-18
Flowering plants,Asteraceae,Cirsium,Cirsium palustre,2021-10-18
Flowering plants,Asteraceae,Cirsium,Cirsium vulgare,2021-10-18
Flowering plants,Asteraceae,Eupatorium,Eupatorium cannabinum,2021-10-18
Flowering plants,Asteraceae,Filago,Filago pyramidata,2021-10-18
Flowering plants,Asteraceae,Helminthotheca,Helminthotheca echioides,2021-10-18
Flowering plants,Asteraceae,Hypochaeris,Hypochaeris radicata,2021-10-18
Flowering plants,Asteraceae,Inula,Inula conyzae,2021-10-18
Flowering plants,Asteraceae,Lactuca,Lactuca saligna,2021-10-18
Flowering plants,Asteraceae,Lapsana,Lapsana communis,2021-10-18
Flowering plants,Asteraceae,Leontodon,Leontodon hispidus,2021-10-18
Flowering plants,Asteraceae,Mycelis,Mycelis muralis,2021-10-18
Flowering plants,Asteraceae,Petasites,Petasites fragrans,2021-10-18
Flowering plants,Asteraceae,Pulicaria,Pulicaria dysenterica,2021-10-18
Flowering plants,Asteraceae,Scorzoneroides,Scorzoneroides autumnalis,2021-10-18
Flowering plants,Asteraceae,Senecio,Senecio vulgaris,2021-10-18
Flowering plants,Asteraceae,Solidago,Solidago virgaurea,2021-10-18
Flowering plants,Asteraceae,Sonchus,Sonchus arvensis,2021-10-18
Flowering plants,Asteraceae,Sonchus,Sonchus asper,2021-10-18
Flowering plants,Asteraceae,Tanacetum,Tanacetum vulgare,2021-10-18
Flowering plants,Asteraceae,Tripleurospermum,Tripleurospermum maritimum,2021-10-18
Flowering plants,Asteraceae,Tripolium,Tripolium pannonicum,2021-10-18
Flowering plants,Asteraceae,Tussilago,Tussilago farfara,2021-10-18
Flowering plants,Balsaminaceae,Impatiens,Impatiens glandulifera,2021-10-18
Flowering plants,Balsaminaceae,Impatiens,Impatiens noli-tangere,2021-10-18
Flowering plants,Berberidaceae,Berberis,Berberis vulgaris,2021-10-18
Flowering plants,Berberidaceae,Mahonia,Mahonia aquifolium,2021-10-18
Flowering plants,Betulaceae,Alnus,Alnus glutinosa,2021-10-18
Flowering plants,Betulaceae,Betula,Betula nana,2021-10-18
Flowering plants,Betulaceae,Betula,Betula pubescens,2021-10-18
Flowering plants,Betulaceae,Carpinus,Carpinus betulus,2021-10-18
Flowering plants,Betulaceae,Corylus,Corylus avellana,2021-10-18
Flowering plants,Boraginaceae,Borago,Borago officinalis,2021-10-18
Flowering plants,Boraginaceae,Echium,Echium vulgare,2021-10-18
Flowering plants,Boraginaceae,Myosotis,Myosotis sylvatica,2021-10-18
Flowering plants,Boraginaceae,Pentaglottis,Pentaglottis sempervirens,2021-10-18
Flowering plants,Brassicaceae,Alliaria,Alliaria petiolata,2021-10-18
Flowering plants,Brassicaceae,Arabidopsis,Arabidopsis thaliana,2021-10-18
Flowering plants,Brassicaceae,Armoracia,Armoracia rusticana,2021-10-18
Flowering plants,Brassicaceae,Brassica,Brassica nigra,2021-10-18
Flowering plants,Brassicaceae,Brassica,Brassica oleracea,2021-10-18
Flowering plants,Brassicaceae,Cakile,Cakile maritima,2021-10-18
Flowering plants,Brassicaceae,Capsella,Capsella bursa-pastoris,2021-10-18
Flowering plants,Brassicaceae,Cardamine,Cardamine flexuosa,2021-10-18
Flowering plants,Brassicaceae,Cardamine,Cardamine pratensis,2021-10-18
Flowering plants,Brassicaceae,Coincya,Coincya wrightii,2021-10-18
Flowering plants,Butomaceae,Butomus,Butomus umbellatus,2021-10-18
Flowering plants,Buxaceae,Buxus,Buxus sempervirens,2021-10-18
Flowering plants,Campanulaceae,Campanula,Campanula glomerata,2021-10-18
Flowering plants,Campanulaceae,Campanula,Campanula rotundifolia,2021-10-18
Flowering plants,Campanulaceae,Jasione,Jasione montana,2021-10-18
Flowering plants,Campanulaceae,Lobelia,Lobelia dortmanna,2021-10-18
Flowering plants,Campanulaceae,Phyteuma,Phyteuma orbiculare,2021-10-18
Flowering plants,Campanulaceae,Phyteuma,Phyteuma spicatum,2021-10-18
Flowering plants,Cannabaceae,Humulus,Humulus lupulus,2021-10-18
Flowering plants,Caprifoliaceae,Linnaea,Linnaea borealis,2021-10-18
Flowering plants,Caprifoliaceae,Lonicera,Lonicera periclymenum,2021-10-18
Flowering plants,Caryophyllaceae,Agrostemma,Agrostemma githago,2021-10-18
Flowering plants,Caryophyllaceae,Cerastium,Cerastium fontanum,2021-10-18
Flowering plants,Caryophyllaceae,Cerastium,Cerastium glomeratum,2021-10-18
Flowering plants,Caryophyllaceae,Dianthus,Dianthus deltoides,2021-10-18
Flowering plants,Caryophyllaceae,Honckenya,Honckenya peploides,2021-10-18
Flowering plants,Caryophyllaceae,Saponaria,Saponaria officinalis,2021-10-18
Flowering plants,Caryophyllaceae,Silene,Silene acaulis,2021-10-18
Flowering plants,Caryophyllaceae,Silene,Silene dioica,2021-10-18
Flowering plants,Caryophyllaceae,Silene,Silene latifolia,2021-10-18
Flowering plants,Caryophyllaceae,Spergularia,Spergularia marina,2021-10-18
Flowering plants,Caryophyllaceae,Stellaria,Stellaria media,2021-10-18
Flowering plants,Celastraceae,Euonymus,Euonymus europaeus,2021-10-18
Flowering plants,Celastraceae,Parnassia,Parnassia palustris,2021-10-18
Flowering plants,Ceratophyllaceae,Ceratophyllum,Ceratophyllum demersum,2021-10-18
Flowering plants,Cistaceae,Helianthemum,Helianthemum apenninum,2021-10-18
Flowering plants,Cistaceae,Helianthemum,Helianthemum nummularium,2021-10-18
Flowering plants,Colchicaceae,Colchicum,Colchicum autumnale,2021-10-18
Flowering plants,Convolvulaceae,Calystegia,Calystegia sepium,2021-10-18
Flowering plants,Convolvulaceae,Calystegia,Calystegia soldanella,2021-10-18
Flowering plants,Convolvulaceae,Convolvulus,Convolvulus arvensis,2021-10-18
Flowering plants,Cornaceae,Cornus,Cornus sanguinea,2021-10-18
Flowering plants,Cornaceae,Cornus,Cornus suecica,2021-10-18
Flowering plants,Crassulaceae,Crassula,Crassula helmsii,2021-10-18
Flowering plants,Crassulaceae,Sedum,Sedum anglicum,2021-10-18
Flowering plants,Crassulaceae,Umbilicus,Umbilicus rupestris,2021-10-18
Flowering plants,Cucurbitaceae,Bryonia,Bryonia dioica,2021-10-18
Flowering plants,Cyperaceae,Carex,Carex bigelowii,2021-10-18
Flowering plants,Cyperaceae,Carex,Carex caryophyllea,2021-10-18
Flowering plants,Cyperaceae,Carex,Carex depauperata,2021-10-18
Flowering plants,Cyperaceae,Carex,Carex nigra,2021-10-18
Flowering plants,Cyperaceae,Carex,Carex pendula,2021-10-18
Flowering plants,Cyperaceae,Carex,Carex remota,2021-10-18
Flowering plants,Cyperaceae,Carex,Carex rostrata,2021-10-18
Flowering plants,Cyperaceae,Eleocharis,Eleocharis quinqueflora,2021-10-18
Flowering plants,Cyperaceae,Schoenoplectus,Schoenoplectus lacustris,2021-10-18
Flowering plants,Cyperaceae,Schoenoplectus,Schoenoplectus tabernaemontani,2021-10-18
Flowering plants,Cyperaceae,Schoenoplectus,Schoenoplectus triqueter,2021-10-18
Flowering plants,Diapensiaceae,Diapensia,Diapensia lapponica,2021-10-18
Flowering plants,Dioscoreaceae,Tamus,Tamus communis,2021-10-18
Flowering plants,Dipsacaceae,Knautia,Knautia arvensis,2021-10-18
Flowering plants,Dipsacaceae,Scabiosa,Scabiosa columbaria,2021-10-18
Flowering plants,Dipsacaceae,Succisa,Succisa pratensis,2021-10-18
Flowering plants,Droseraceae,Drosera,Drosera anglica,2021-10-18
Flowering plants,Elaeagnaceae,Hippophae,Hippophae rhamnoides,2021-10-18
Flowering plants,Ericaceae,Andromeda,Andromeda polifolia,2021-10-18
Flowering plants,Ericaceae,Arctostaphylos,Arctostaphylos uva-ursi,2021-10-18
Flowering plants,Ericaceae,Calluna,Calluna vulgaris,2021-10-18
Flowering plants,Ericaceae,Erica,Erica ciliaris,2021-10-18
Flowering plants,Ericaceae,Erica,Erica cinerea,2021-10-18
Flowering plants,Ericaceae,Kalmia,Kalmia procumbens,2021-10-18
Flowering plants,Ericaceae,Pyrola,Pyrola rotundifolia,2021-10-18
Flowering plants,Ericaceae,Vaccinium,Vaccinium myrtillus,2021-10-18
Flowering plants,Ericaceae,Vaccinium,Vaccinium uliginosum,2021-10-18
Flowering plants,Ericaceae,Vaccinium,Vaccinium vitis-idaea,2021-10-18
Flowering plants,Eriocaulaceae,Eriocaulon,Eriocaulon aquaticum,2021-10-18
Flowering plants,Euphorbiaceae,Euphorbia,Euphorbia amygdaloides,2021-10-18
Flowering plants,Euphorbiaceae,Euphorbia,Euphorbia lathyris,2021-10-18
Flowering plants,Euphorbiaceae,Euphorbia,Euphorbia paralias,2021-10-18
Flowering plants,Euphorbiaceae,Euphorbia,Euphorbia peplus,2021-10-18
Flowering plants,Euphorbiaceae,Mercurialis,Mercurialis annua,2021-10-18
Flowering plants,Euphorbiaceae,Mercurialis,Mercurialis perennis,2021-10-18
Flowering plants,Fabaceae,Anthyllis,Anthyllis vulneraria,2021-10-18
Flowering plants,Fabaceae,Astragalus,Astragalus glycyphyllos,2021-10-18
Flowering plants,Fabaceae,Lathyrus,Lathyrus aphaca,2021-10-18
Flowering plants,Fabaceae,Lathyrus,Lathyrus japonicus,2021-10-18
Flowering plants,Fabaceae,Lathyrus,Lathyrus linifolius,2021-10-18
Flowering plants,Fabaceae,Lathyrus,Lathyrus pratensis,2021-10-18
Flowering plants,Fabaceae,Lotus,Lotus corniculatus,2021-10-18
Flowering plants,Fabaceae,Medicago,Medicago arabica,2021-10-18
Flowering plants,Fabaceae,Medicago,Medicago lupulina,2021-10-18
Flowering plants,Fabaceae,Medicago,Medicago sativa,2021-10-18
Flowering plants,Fabaceae,Onobrychis,Onobrychis viciifolia,2021-10-18
Flowering plants,Fabaceae,Ononis,Ononis repens,2021-10-18
Flowering plants,Fabaceae,Ornithopus,Ornithopus perpusillus,2021-10-18
Flowering plants,Fabaceae,Robinia,Robinia pseudoacacia,2021-10-18
Flowering plants,Fabaceae,Trifolium,Trifolium arvense,2021-10-18
Flowering plants,Fabaceae,Trifolium,Trifolium dubium,2021-10-18
Flowering plants,Fabaceae,Trifolium,Trifolium fragiferum,2021-10-18
Flowering plants,Fabaceae,Trifolium,Trifolium pratense,2021-10-18
Flowering plants,Fabaceae,Ulex,Ulex europaeus,2021-10-18
Flowering plants,Fabaceae,Ulex,Ulex minor,2021-10-18
Flowering plants,Fabaceae,Vicia,Vicia cracca,2021-10-18
Flowering plants,Fabaceae,Vicia,Vicia sativa,2021-10-18
Flowering plants,Fagaceae,Fagus,Fagus sylvatica,2021-10-18
Flowering plants,Fagaceae,Quercus,Quercus cerris,2021-10-18
Flowering plants,Fagaceae,Quercus,Quercus ilex,2021-10-18
Flowering plants,Fagaceae,Quercus,Quercus petraea,2021-10-18
Flowering plants,Fagaceae,Quercus,Quercus robur,2021-10-18
Flowering plants,Frankeniaceae,Frankenia,Frankenia laevis,2021-10-18
Flowering plants,Gentianaceae,Blackstonia,Blackstonia perfoliata,2021-10-18
Flowering plants,Gentianaceae,Centaurium,Centaurium erythraea,2021-10-18
Flowering plants,Gentianaceae,Gentianella,Gentianella amarella,2021-10-18
Flowering plants,Geraniaceae,Erodium,Erodium maritimum,2021-10-18
Flowering plants,Geraniaceae,Erodium,Erodium moschatum,2021-10-18
Flowering plants,Geraniaceae,Geranium,Geranium columbinum,2021-10-18
Flowering plants,Geraniaceae,Geranium,Geranium dissectum,2021-10-18
Flowering plants,Geraniaceae,Geranium,Geranium lucidum,2021-10-18
Flowering plants,Geraniaceae,Geranium,Geranium pratense,2021-10-18
Flowering plants,Geraniaceae,Geranium,Geranium robertianum,2021-10-18
Flowering plants,Geraniaceae,Geranium,Geranium rotundifolium,2021-10-18
Flowering plants,Geraniaceae,Geranium,Geranium sanguineum,2021-10-18
Flowering plants,Geraniaceae,Geranium,Geranium sylvaticum,2021-10-18
Flowering plants,Grossulariaceae,Ribes,Ribes rubrum,2021-10-18
Flowering plants,Gunneraceae,Gunnera,Gunnera manicata,2021-10-18
Flowering plants,Gunneraceae,Gunnera,Gunnera tinctoria,2021-10-18
Flowering plants,Haloragaceae,Myriophyllum,Myriophyllum alterniflorum,2021-10-18
Flowering plants,Hydrocharitaceae,Elodea,Elodea nuttallii,2021-10-18
Flowering plants,Hydrocharitaceae,Stratiotes,Stratiotes aloides,2021-10-18
Flowering plants,Hydrocotylaceae,Hydrocotyle,Hydrocotyle vulgaris,2021-10-18
Flowering plants,Hypericaceae,Hypericum,Hypericum perforatum,2021-10-18
Flowering plants,Iridaceae,Crocosmia,Crocosmia pottsii,2021-10-18
Flowering plants,Iridaceae,Iris,Iris pseudacorus,2021-10-18
Flowering plants,Juglandaceae,Juglans,Juglans regia,2021-10-18
Flowering plants,Juncaceae,Juncus,Juncus effusus,2021-10-18
Flowering plants,Juncaceae,Juncus,Juncus inflexus,2021-10-18
Flowering plants,Juncaceae,Juncus,Juncus trifidus,2021-10-18
Flowering plants,Juncaceae,Luzula,Luzula sylvatica,2021-10-18
Flowering plants,Juncaginaceae,Triglochin,Triglochin maritima,2021-10-18
Flowering plants,Juncaginaceae,Triglochin,Triglochin palustris,2021-10-18
Flowering plants,Lamiaceae,Ballota,Ballota nigra,2021-10-18
Flowering plants,Lamiaceae,Glechoma,Glechoma hederacea,2021-10-18
Flowering plants,Lamiaceae,Lamium,Lamium album,2021-10-18
Flowering plants,Lamiaceae,Lamium,Lamium amplexicaule,2021-10-18
Flowering plants,Lamiaceae,Lamium,Lamium purpureum,2021-10-18
Flowering plants,Lamiaceae,Lycopus,Lycopus europaeus,2021-10-18
Flowering plants,Lamiaceae,Origanum,Origanum vulgare,2021-10-18
Flowering plants,Lamiaceae,Prunella,Prunella vulgaris,2021-10-18
Flowering plants,Lamiaceae,Salvia,Salvia verbenaca,2021-10-18
Flowering plants,Lamiaceae,Scutellaria,Scutellaria galericulata,2021-10-18
Flowering plants,Lamiaceae,Scutellaria,Scutellaria minor,2021-10-18
Flowering plants,Lamiaceae,Stachys,Stachys palustris,2021-10-18
Flowering plants,Lamiaceae,Stachys,Stachys sylvatica,2021-10-18
Flowering plants,Lamiaceae,Teucrium,Teucrium chamaedrys,2021-10-18
Flowering plants,Lamiaceae,Thymus,Thymus serpyllum,2021-10-18
Flowering plants,Lentibulariaceae,Pinguicula,Pinguicula vulgaris,2021-10-18
Flowering plants,Lentibulariaceae,Utricularia,Utricularia vulgaris,2021-10-18
Flowering plants,Linaceae,Linum,Linum bienne,2021-10-18
Flowering plants,Linaceae,Linum,Linum catharticum,2021-10-18
Flowering plants,Lythraceae,Lythrum,Lythrum portula,2021-10-18
Flowering plants,Lythraceae,Lythrum,Lythrum salicaria,2021-10-18
Flowering plants,Malvaceae,Malva,Malva arborea,2021-10-18
Flowering plants,Malvaceae,Malva,Malva moschata,2021-10-18
Flowering plants,Malvaceae,Tilia,Tilia cordata,2021-10-18
Flowering plants,Malvaceae,Tilia,Tilia platyphyllos,2021-10-18
Flowering plants,Melanthiaceae,Paris,Paris quadrifolia,2021-10-18
Flowering plants,Menyanthaceae,Menyanthes,Menyanthes trifoliata,2021-10-18
Flowering plants,Menyanthaceae,Nymphoides,Nymphoides peltata,2021-10-18
Flowering plants,Montiaceae,Claytonia,Claytonia perfoliata,2021-10-18
Flowering plants,Montiaceae,Claytonia,Claytonia sibirica,2021-10-18
Flowering plants,Montiaceae,Montia,Montia fontana,2021-10-18
Flowering plants,Myricaceae,Myrica,Myrica gale,2021-10-18
Flowering plants,Nartheciaceae,Narthecium,Narthecium ossifragum,2021-10-18
Flowering plants,Nymphaeaceae,Nuphar,Nuphar lutea,2021-10-18
Flowering plants,Nymphaeaceae,Nuphar,Nuphar pumila,2021-10-18
Flowering plants,Nymphaeaceae,Nymphaea,Nymphaea alba,2021-10-18
Flowering plants,Oleaceae,Fraxinus,Fraxinus excelsior,2021-10-18
Flowering plants,Oleaceae,Ligustrum,Ligustrum vulgare,2021-10-18
Flowering plants,Onagraceae,Chamaenerion,Chamaenerion angustifolium,2021-10-18
Flowering plants,Onagraceae,Circaea,Circaea lutetiana,2021-10-18
Flowering plants,Onagraceae,Epilobium,Epilobium hirsutum,2021-10-18
Flowering plants,Orchidaceae,Anacamptis,Anacamptis pyramidalis,2021-10-18
Flowering plants,Orchidaceae,Cephalanthera,Cephalanthera damasonium,2021-10-18
Flowering plants,Orchidaceae,Cypripedium,Cypripedium calceolus,2021-10-18
Flowering plants,Orchidaceae,Dactylorhiza,Dactylorhiza fuchsii,2021-10-18
Flowering plants,Orchidaceae,Dactylorhiza,Dactylorhiza incarnata,2021-10-18
Flowering plants,Orchidaceae,Epipactis,Epipactis palustris,2021-10-18
Flowering plants,Orchidaceae,Ophrys,Ophrys apifera,2021-10-18
Flowering plants,Orobanchaceae,Euphrasia,Euphrasia anglica,2021-10-18
Flowering plants,Orobanchaceae,Euphrasia,Euphrasia arctica,2021-10-18
Flowering plants,Orobanchaceae,Euphrasia,Euphrasia confusa,2021-10-18
Flowering plants,Orobanchaceae,Euphrasia,Euphrasia foulaensis,2021-10-18
Flowering plants,Orobanchaceae,Lathraea,Lathraea clandestina,2021-10-18
Flowering plants,Orobanchaceae,Lathraea,Lathraea squamaria,2021-10-18
Flowering plants,Orobanchaceae,Melampyrum,Melampyrum pratense,2021-10-18
Flowering plants,Orobanchaceae,Melampyrum,Melampyrum sylvaticum,2021-10-18
Flowering plants,Orobanchaceae,Odontites,Odontites vernus,2021-10-18
Flowering plants,Orobanchaceae,Orobanche,Orobanche hederae,2021-10-18
Flowering plants,Orobanchaceae,Orobanche,Orobanche minor,2021-10-18
Flowering plants,Orobanchaceae,Pedicularis,Pedicularis palustris,2021-10-18
Flowering plants,Oxalidaceae,Oxalis,Oxalis acetosella,2021-10-18
Flowering plants,Papaveraceae,Chelidonium,Chelidonium majus,2021-10-18
Flowering plants,Papaveraceae,Fumaria,Fumaria muralis,2021-10-18
Flowering plants,Papaveraceae,Fumaria,Fumaria officinalis,2021-10-18
Flowering plants,Papaveraceae,Glaucium,Glaucium flavum,2021-10-18
Flowering plants,Papaveraceae,Papaver,Papaver dubium,2021-10-18
Flowering plants,Papaveraceae,Papaver,Papaver rhoeas,2021-10-18
Flowering plants,Papaveraceae,Papaver,Papaver somniferum,2021-10-18
Flowering plants,Phytolaccaceae,Phytolacca,Phytolacca acinosa,2021-10-18
Flowering plants,Plantaginaceae,Hippuris,Hippuris vulgaris,2021-10-18
Flowering plants,Plantaginaceae,Littorella,Littorella uniflora,2021-10-18
Flowering plants,Plantaginaceae,Plantago,Plantago coronopus,2021-10-18
Flowering plants,Plantaginaceae,Plantago,Plantago lanceolata,2021-10-18
Flowering plants,Plantaginaceae,Plantago,Plantago major,2021-10-18
Flowering plants,Plantaginaceae,Plantago,Plantago maritima,2021-10-18
Flowering plants,Plumbaginaceae,Armeria,Armeria maritima,2021-10-18
Flowering plants,Plumbaginaceae,Limonium,Limonium binervosum,2021-10-18
Flowering plants,Poaceae,Agrostis,Agrostis capillaris,2021-10-18
Flowering plants,Poaceae,Agrostis,Agrostis stolonifera,2021-10-18
Flowering plants,Poaceae,Ammophila,Ammophila arenaria,2021-10-18
Flowering plants,Poaceae,Anisantha,Anisantha sterilis,2021-10-18
Flowering plants,Poaceae,Anthoxanthum,Anthoxanthum odoratum,2021-10-18
Flowering plants,Poaceae,Avenella,Avenella flexuosa,2021-10-18
Flowering plants,Poaceae,Brachypodium,Brachypodium sylvaticum,2021-10-18
Flowering plants,Poaceae,Briza,Briza media,2021-10-18
Flowering plants,Poaceae,Bromus,Bromus interruptus,2021-10-18
Flowering plants,Poaceae,Dactylis,Dactylis glomerata,2021-10-18
Flowering plants,Poaceae,Danthonia,Danthonia decumbens,2021-10-18
Flowering plants,Poaceae,Glyceria,Glyceria maxima,2021-10-18
Flowering plants,Poaceae,Hierochloe,Hierochloe odorata,2021-10-18
Flowering plants,Poaceae,Holcus,Holcus lanatus,2021-10-18
Flowering plants,Poaceae,Holcus,Holcus mollis,2021-10-18
Flowering plants,Poaceae,Hordeum,Hordeum murinum,2021-10-18
Flowering plants,Poaceae,Leymus,Leymus arenarius,2021-10-18
Flowering plants,Poaceae,Lolium,Lolium perenne,2021-10-18
Flowering plants,Poaceae,Molinia,Molinia caerulea,2021-10-18
Flowering plants,Poaceae,Nardus,Nardus stricta,2021-10-18
Flowering plants,Poaceae,Phalaris,Phalaris arundinacea,2021-10-18
Flowering plants,Poaceae,Phleum,Phleum bertolonii,2021-10-18
Flowering plants,Poaceae,Phragmites,Phragmites australis,2021-10-18
Flowering plants,Poaceae,Puccinellia,Puccinellia maritima,2021-10-18
Flowering plants,Polemoniaceae,Polemonium,Polemonium caeruleum,2021-10-18
Flowering plants,Polygalaceae,Polygala,Polygala amarella,2021-10-18
Flowering plants,Polygalaceae,Polygala,Polygala vulgaris,2021-10-18
Flowering plants,Polygonaceae,Bistorta,Bistorta vivipara,2021-10-18
Flowering plants,Polygonaceae,Fallopia,Fallopia convolvulus,2021-10-18
Flowering plants,Polygonaceae,Oxyria,Oxyria digyna,2021-10-18
Flowering plants,Polygonaceae,Persicaria,Persicaria maculosa,2021-10-18
Flowering plants,Polygonaceae,Polygonum,Polygonum aviculare,2021-10-18
Flowering plants,Polygonaceae,Reynoutria,Reynoutria japonica,2021-10-18
Flowering plants,Polygonaceae,Reynoutria,Reynoutria sachalinensis,2021-10-18
Flowering plants,Polygonaceae,Rumex,Rumex acetosa,2021-10-18
Flowering plants,Polygonaceae,Rumex,Rumex hydrolapathum,2021-10-18
Flowering plants,Polygonaceae,Rumex,Rumex sanguineus,2021-10-18
Flowering plants,Pontederiaceae,Pontederia,Pontederia cordata,2021-10-18
Flowering plants,Potamogetonaceae,Potamogeton,Potamogeton natans,2021-10-18
Flowering plants,Potamogetonaceae,Potamogeton,Potamogeton polygonifolius,2021-10-18
Flowering plants,Primulaceae,Hottonia,Hottonia palustris,2021-10-18
Flowering plants,Primulaceae,Lysimachia,Lysimachia arvensis,2021-10-18
Flowering plants,Primulaceae,Lysimachia,Lysimachia maritima,2021-10-18
Flowering plants,Primulaceae,Lysimachia,Lysimachia nemorum,2021-10-18
Flowering plants,Primulaceae,Lysimachia,Lysimachia vulgaris,2021-10-18
Flowering plants,Primulaceae,Primula,Primula farinosa,2021-10-18
Flowering plants,Primulaceae,Primula,Primula scotica,2021-10-18
Flowering plants,Primulaceae,Primula,Primula veris,2021-10-18
Flowering plants,Primulaceae,Primula,Primula vulgaris,2021-10-18
Flowering plants,Primulaceae,Samolus,Samolus valerandi,2021-10-18
Flowering plants,Ranunculaceae,Clematis,Clematis vitalba,2021-10-18
Flowering plants,Ranunculaceae,Ficaria,Ficaria verna,2021-10-18
Flowering plants,Ranunculaceae,Pulsatilla,Pulsatilla vulgaris,2021-10-18
Flowering plants,Ranunculaceae,Ranunculus,Ranunculus acris,2021-10-18
Flowering plants,Ranunculaceae,Ranunculus,Ranunculus bulbosus,2021-10-18
Flowering plants,Ranunculaceae,Thalictrum,Thalictrum minus,2021-10-18
Flowering plants,Ranunculaceae,Trollius,Trollius europaeus,2021-10-18
Flowering plants,Resedaceae,Reseda,Reseda luteola,2021-10-18
Flowering plants,Rhamnaceae,Frangula,Frangula alnus,2021-10-18
Flowering plants,Rhamnaceae,Rhamnus,Rhamnus cathartica,2021-10-18
Flowering plants,Rosaceae,Agrimonia,Agrimonia eupatoria,2021-10-18
Flowering plants,Rosaceae,Alchemilla,Alchemilla alpina,2021-10-18
Flowering plants,Rosaceae,Aphanes,Aphanes arvensis,2021-10-18
Flowering plants,Rosaceae,Comarum,Comarum palustre,2021-10-18
Flowering plants,Rosaceae,Crataegus,Crataegus laevigata,2021-10-18
Flowering plants,Rosaceae,Crataegus,Crataegus monogyna,2021-10-18
Flowering plants,Rosaceae,Dasiphora,Dasiphora fruticosa,2021-10-18
Flowering plants,Rosaceae,Dryas,Dryas octopetala,2021-10-18
Flowering plants,Rosaceae,Filipendula,Filipendula ulmaria,2021-10-18
Flowering plants,Rosaceae,Fragaria,Fragaria vesca,2021-10-18
Flowering plants,Rosaceae,Geum,Geum rivale,2021-10-18
Flowering plants,Rosaceae,Geum,Geum urbanum,2021-10-18
Flowering plants,Rosaceae,Malus,Malus sylvestris,2021-10-18
Flowering plants,Rosaceae,Potentilla,Potentilla anserina,2021-10-18
Flowering plants,Rosaceae,Prunus,Prunus domestica,2021-10-18
Flowering plants,Rosaceae,Prunus,Prunus lusitanica,2021-10-18
Flowering plants,Rosaceae,Pyrus,Pyrus cordata,2021-10-18
Flowering plants,Rosaceae,Rosa,Rosa agrestis,2021-10-18
Flowering plants,Rosaceae,Rosa,Rosa canina,2021-10-18
Flowering plants,Rosaceae,Rosa,Rosa rubiginosa,2021-10-18
Flowering plants,Rosaceae,Rubus,Rubus idaeus,2021-10-18
Flowering plants,Rosaceae,Sorbus,Sorbus anglica,2021-10-18
Flowering plants,Rosaceae,Sorbus,Sorbus aria,2021-10-18
Flowering plants,Rosaceae,Sorbus,Sorbus aucuparia,2021-10-18
Flowering plants,Rosaceae,Sorbus,Sorbus devoniensis,2021-10-18
Flowering plants,Rosaceae,Sorbus,Sorbus rupicola,2021-10-18
Flowering plants,Rubiaceae,Cruciata,Cruciata laevipes,2021-10-18
Flowering plants,Rubiaceae,Galium,Galium aparine,2021-10-18
Flowering plants,Rubiaceae,Galium,Galium odoratum,2021-10-18
Flowering plants,Rubiaceae,Galium,Galium verum,2021-10-18
Flowering plants,Rubiaceae,Sherardia,Sherardia arvensis,2021-10-18
Flowering plants,Ruppiaceae,Ruppia,Ruppia maritima,2021-10-18
Flowering plants,Salicaceae,Populus,Populus tremula,2021-10-18
Flowering plants,Salicaceae,Salix,Salix alba,2021-10-18
Flowering plants,Salicaceae,Salix,Salix arbuscula,2021-10-18
Flowering plants,Salicaceae,Salix,Salix aurita,2021-10-18
Flowering plants,Salicaceae,Salix,Salix caprea,2021-10-18
Flowering plants,Salicaceae,Salix,Salix cinerea,2021-10-18
Flowering plants,Salicaceae,Salix,Salix euxina,2021-10-18
Flowering plants,Salicaceae,Salix,Salix herbacea,2021-10-18
Flowering plants,Salicaceae,Salix,Salix lanata,2021-10-18
Flowering plants,Salicaceae,Salix,Salix lapponum,2021-10-18
Flowering plants,Salicaceae,Salix,Salix myrsinifolia,2021-10-18
Flowering plants,Salicaceae,Salix,Salix phylicifolia,2021-10-18
Flowering plants,Salicaceae,Salix,Salix purpurea,2021-10-18
Flowering plants,Salicaceae,Salix,Salix repens,2021-10-18
Flowering plants,Salicaceae,Salix,Salix reticulata,2021-10-18
Flowering plants,Salicaceae,Salix,Salix triandra,2021-10-18
Flowering plants,Salicaceae,Salix,Salix viminalis,2021-10-18
Flowering plants,Santalaceae,Viscum,Viscum album,2021-10-18
Flowering plants,Sapindaceae,Acer,Acer campestre,2021-10-18
Flowering plants,Sapindaceae,Acer,Acer pseudoplatanus,2021-10-18
Flowering plants,Sapindaceae,Aesculus,Aesculus hippocastanum,2021-10-18
Flowering plants,Sarraceniaceae,Sarracenia,Sarracenia purpurea,2021-10-18
Flowering plants,Saxifragaceae,Chrysosplenium,Chrysosplenium oppositifolium,2021-10-18
Flowering plants,Saxifragaceae,Saxifraga,Saxifraga aizoides,2021-10-18
Flowering plants,Saxifragaceae,Saxifraga,Saxifraga granulata,2021-10-18
Flowering plants,Saxifragaceae,Saxifraga,Saxifraga oppositifolia,2021-10-18
Flowering plants,Scheuchzeriaceae,Scheuchzeria,Scheuchzeria palustris,2021-10-18
Flowering plants,Scrophulariaceae,Buddleja,Buddleja davidii,2021-10-18
Flowering plants,Scrophulariaceae,Limosella,Limosella aquatica,2021-10-18
Flowering plants,Scrophulariaceae,Scrophularia,Scrophularia auriculata,2021-10-18
Flowering plants,Scrophulariaceae,Verbascum,Verbascum nigrum,2021-10-18
Flowering plants,Scrophulariaceae,Verbascum,Verbascum thapsus,2021-10-18
Flowering plants,Simaroubaceae,Ailanthus,Ailanthus altissima,2021-10-18
Flowering plants,Solanaceae,Atropa,Atropa belladonna,2021-10-18
Flowering plants,Solanaceae,Solanum,Solanum dulcamara,2021-10-18
Flowering plants,Thymelaeaceae,Daphne,Daphne laureola,2021-10-18
Flowering plants,Thymelaeaceae,Daphne,Daphne mezereum,2021-10-18
Flowering plants,Tofieldiaceae,Tofieldia,Tofieldia pusilla,2021-10-18
Flowering plants,Typhaceae,Sparganium,Sparganium erectum,2021-10-18
Flowering plants,Typhaceae,Typha,Typha latifolia,2021-10-18
Flowering plants,Ulmaceae,Ulmus,Ulmus glabra,2021-10-18
Flowering plants,Ulmaceae,Ulmus,Ulmus minor,2021-10-18
Flowering plants,Ulmaceae,Ulmus,Ulmus plotii,2021-10-18
Flowering plants,Urticaceae,Parietaria,Parietaria judaica,2021-10-18
Flowering plants,Urticaceae,Urtica,Urtica dioica,2021-10-18
Flowering plants,Urticaceae,Urtica,Urtica urens,2021-10-18
Flowering plants,Valerianaceae,Valeriana,Valeriana officinalis,2021-10-18
Flowering plants,Verbenaceae,Verbena,Verbena officinalis,2021-10-18
Flowering plants,Veronicaceae,Chaenorhinum,Chaenorhinum minus,2021-10-18
Flowering plants,Veronicaceae,Digitalis,Digitalis purpurea,2021-10-18
Flowering plants,Veronicaceae,Kickxia,Kickxia elatine,2021-10-18
Flowering plants,Veronicaceae,Linaria,Linaria vulgaris,2021-10-18
Flowering plants,Veronicaceae,Misopates,Misopates orontium,2021-10-18
Flowering plants,Veronicaceae,Veronica,Veronica chamaedrys,2021-10-18
Flowering plants,Veronicaceae,Veronica,Veronica hederifolia,2021-10-18
Flowering plants,Veronicaceae,Veronica,Veronica montana,2021-10-18
Flowering plants,Veronicaceae,Veronica,Veronica serpyllifolia,2021-10-18
Flowering plants,Veronicaceae,Veronica,Veronica spicata,2021-10-18
Flowering plants,Violaceae,Viola,Viola odorata,2021-10-18
Flowering plants,Violaceae,Viola,Viola riviniana,2021-10-18
Flowering plants,Violaceae,Viola,Viola tricolor,2021-10-18
bryophyte,Anastrophyllaceae,Anastrepta,Anastrepta orcadensis,2021-10-18
bryophyte,Anastrophyllaceae,Anastrophyllum,Anastrophyllum donnianum,2021-10-18
bryophyte,Anastrophyllaceae,Orthocaulis,Orthocaulis floerkei,2021-10-18
bryophyte,Aneuraceae,Riccardia,Riccardia palmata,2021-10-18
bryophyte,Conocephalaceae,Conocephalum,Conocephalum conicum,2021-10-18
bryophyte,Conocephalaceae,Conocephalum,Conocephalum salebrosum,2021-10-18
bryophyte,Frullaniaceae,Frullania,Frullania dilatata,2021-10-18
bryophyte,Frullaniaceae,Frullania,Frullania tamarisci,2021-10-18
bryophyte,Gymnomitriaceae,Gymnomitrion,Gymnomitrion obtusum,2021-10-18
bryophyte,Gymnomitriaceae,Marsupella,Marsupella aquatica,2021-10-18
bryophyte,Gymnomitriaceae,Marsupella,Marsupella emarginata,2021-10-18
bryophyte,Gymnomitriaceae,Nardia,Nardia scalaris,2021-10-18
bryophyte,Harpanthaceae,Harpanthus,Harpanthus flotovianus,2021-10-18
bryophyte,Herbertaceae,Herbertus,Herbertus borealis,2021-10-18
bryophyte,Herbertaceae,Herbertus,Herbertus hutchinsiae,2021-10-18
bryophyte,Herbertaceae,Herbertus,Herbertus stramineus,2021-10-18
bryophyte,Jungermanniaceae,Jungermannia,Jungermannia eucordifolia,2021-10-18
bryophyte,Jungermanniaceae,Mesoptychia,Mesoptychia bantriensis,2021-10-18
bryophyte,Lejeuneaceae,Lejeunea,Lejeunea patens,2021-10-18
bryophyte,Lepidoziaceae,Bazzania,Bazzania pearsonii,2021-10-18
bryophyte,Lepidoziaceae,Bazzania,Bazzania tricrenata,2021-10-18
bryophyte,Lepidoziaceae,Lepidozia,Lepidozia reptans,2021-10-18
bryophyte,Lophocoleaceae,Lophocolea,Lophocolea bidentata,2021-10-18
bryophyte,Lophoziaceae,Tritomaria,Tritomaria quinquedentata,2021-10-18
bryophyte,Lunulariaceae,Lunularia,Lunularia cruciata,2021-10-18
bryophyte,Marchantiaceae,Marchantia,Marchantia polymorpha,2021-10-18
bryophyte,Marchantiaceae,Marchantia,Marchantia quadrata,2021-10-18
bryophyte,Mastigophoraceae,Mastigophora,Mastigophora woodsii,2021-10-18
bryophyte,Metzgeriaceae,Metzgeria,Metzgeria conjugata,2021-10-18
bryophyte,Metzgeriaceae,Metzgeria,Metzgeria furcata,2021-10-18
bryophyte,Myliaceae,Mylia,Mylia taylorii,2021-10-18
bryophyte,Pelliaceae,Pellia,Pellia endiviifolia,2021-10-18
bryophyte,Plagiochilaceae,Plagiochila,Plagiochila porelloides,2021-10-18
bryophyte,Plagiochilaceae,Plagiochila,Plagiochila spinulosa,2021-10-18
bryophyte,Pleuroziaceae,Pleurozia,Pleurozia purpurea,2021-10-18
bryophyte,Porellaceae,Porella,Porella arboris-vitae,2021-10-18
bryophyte,Porellaceae,Porella,Porella cordaeana,2021-10-18
bryophyte,Ptilidiaceae,Ptilidium,Ptilidium ciliare,2021-10-18
bryophyte,Radulaceae,Radula,Radula complanata,2021-10-18
bryophyte,Scapaniaceae,Diplophyllum,Diplophyllum albicans,2021-10-18
bryophyte,Scapaniaceae,Scapania,Scapania gracilis,2021-10-18
bryophyte,Scapaniaceae,Scapania,Scapania ornithopodioides,2021-10-18
bryophyte,Amblystegiaceae,Campylium,Campylium stellatum,2021-10-18
bryophyte,Amblystegiaceae,Palustriella,Palustriella commutata,2021-10-18
bryophyte,Amblystegiaceae,Palustriella,Palustriella falcata,2021-10-18
bryophyte,Amphidiaceae,Amphidium,Amphidium lapponicum,2021-10-18
bryophyte,Amphidiaceae,Amphidium,Amphidium mougeotii,2021-10-18
bryophyte,Andreaeaceae,Andreaea,Andreaea hookeri,2021-10-18
bryophyte,Andreaeaceae,Andreaea,Andreaea rothii,2021-10-18
bryophyte,Anomodontaceae,Anomodon,Anomodon viticulosus,2021-10-18
bryophyte,Antitrichiaceae,Antitrichia,Antitrichia curtipendula,2021-10-18
bryophyte,Aongstroemiaceae,Dichodontium,Dichodontium flavescens,2021-10-18
bryophyte,Aongstroemiaceae,Dichodontium,Dichodontium palustre,2021-10-18
bryophyte,Aulacomniaceae,Aulacomnium,Aulacomnium palustre,2021-10-18
bryophyte,Bartramiaceae,Bartramia,Bartramia pomiformis,2021-10-18
bryophyte,Bartramiaceae,Breutelia,Breutelia chrysocoma,2021-10-18
bryophyte,Bartramiaceae,Philonotis,Philonotis fontana,2021-10-18
bryophyte,Bartramiaceae,Plagiopus,Plagiopus oederianus,2021-10-18
bryophyte,Brachytheciaceae,Homalothecium,Homalothecium sericeum,2021-10-18
bryophyte,Brachytheciaceae,Kindbergia,Kindbergia praelonga,2021-10-18
bryophyte,Brachytheciaceae,Pseudoscleropodium,Pseudoscleropodium purum,2021-10-18
bryophyte,Brachytheciaceae,Rhynchostegium,Rhynchostegium riparioides,2021-10-18
bryophyte,Brachytheciaceae,Sciuro-hypnum,Sciuro-hypnum plumosum,2021-10-18
bryophyte,Bryaceae,Bryum,Bryum alpinum,2021-10-18
bryophyte,Bryaceae,Bryum,Bryum capillare,2021-10-18
bryophyte,Bryaceae,Bryum,Bryum intermedium,2021-10-18
bryophyte,Bryaceae,Bryum,Bryum julaceum,2021-10-18
bryophyte,Bryaceae,Bryum,Bryum pallescens,2021-10-18
bryophyte,Calliergonaceae,Sarmentypnum,Sarmentypnum exannulatum,2021-10-18
bryophyte,Calliergonaceae,Sarmentypnum,Sarmentypnum sarmentosum,2021-10-18
bryophyte,Calliergonaceae,Straminergon,Straminergon stramineum,2021-10-18
bryophyte,Climaciaceae,Climacium,Climacium dendroides,2021-10-18
bryophyte,Dicranaceae,Dicranum,Dicranum flexicaule,2021-10-18
bryophyte,Dicranaceae,Dicranum,Dicranum majus,2021-10-18
bryophyte,Dicranaceae,Dicranum,Dicranum scoparium,2021-10-18
bryophyte,Dicranellaceae,Dicranella,Dicranella heteromalla,2021-10-18
bryophyte,Distichiaceae,Distichium,Distichium capillaceum,2021-10-18
bryophyte,Ditrichaceae,Ceratodon,Ceratodon purpureus,2021-10-18
bryophyte,Encalyptaceae,Encalypta,Encalypta streptocarpa,2021-10-18
bryophyte,Entodontaceae,Entodon,Entodon concinnus,2021-10-18
bryophyte,Fissidentaceae,Fissidens,Fissidens adianthoides,2021-10-18
bryophyte,Fissidentaceae,Fissidens,Fissidens osmundoides,2021-10-18
bryophyte,Flexitrichaceae,Flexitrichum,Flexitrichum gracile,2021-10-18
bryophyte,Fontinalaceae,Fontinalis,Fontinalis antipyretica,2021-10-18
bryophyte,Funariaceae,Funaria,Funaria hygrometrica,2021-10-18
bryophyte,Grimmiaceae,Grimmia,Grimmia funalis,2021-10-18
bryophyte,Grimmiaceae,Grimmia,Grimmia ramondii,2021-10-18
bryophyte,Grimmiaceae,Racomitrium,Racomitrium lanuginosum,2021-10-18
bryophyte,Grimmiaceae,Schistidium,Schistidium strictum,2021-10-18
bryophyte,Hedwigiaceae,Hedwigia,Hedwigia stellata,2021-10-18
bryophyte,Hookeriaceae,Hookeria,Hookeria lucens,2021-10-18
bryophyte,Hylocomiaceae,Hylocomiadelphus,Hylocomiadelphus triquetrus,2021-10-18
bryophyte,Hylocomiaceae,Pleurozium,Pleurozium schreberi,2021-10-18
bryophyte,Hylocomiaceae,Rhytidiadelphus,Rhytidiadelphus loreus,2021-10-18
bryophyte,Hylocomiaceae,Rhytidiadelphus,Rhytidiadelphus squarrosus,2021-10-18
bryophyte,Hymenolomataceae,Hymenoloma,Hymenoloma crispulum,2021-10-18
bryophyte,Hypnaceae,Hypnum,Hypnum andoi,2021-10-18
bryophyte,Hypnaceae,Hypnum,Hypnum cupressiforme,2021-10-18
bryophyte,Lembophyllaceae,Heterocladium,Heterocladium heteropterum,2021-10-18
bryophyte,Lembophyllaceae,Isothecium,Isothecium alopecuroides,2021-10-18
bryophyte,Lembophyllaceae,Isothecium,Isothecium myosuroides,2021-10-18
bryophyte,Leucobryaceae,Campylopus,Campylopus atrovirens,2021-10-18
bryophyte,Meesiaceae,Meesia,Meesia uliginosa,2021-10-18
bryophyte,Mniaceae,Mnium,Mnium hornum,2021-10-18
bryophyte,Mniaceae,Plagiomnium,Plagiomnium undulatum,2021-10-18
bryophyte,Mniaceae,Rhizomnium,Rhizomnium punctatum,2021-10-18
bryophyte,Myuriaceae,Ctenidium,Ctenidium molluscum,2021-10-18
bryophyte,Neckeraceae,Neckera,Neckera crispa,2021-10-18
bryophyte,Neckeraceae,Neckera,Neckera pumila,2021-10-18
bryophyte,Neckeraceae,Thamnobryum,Thamnobryum alopecurum,2021-10-18
bryophyte,Orthotrichaceae,Pulvigera,Pulvigera lyellii,2021-10-18
bryophyte,Orthotrichaceae,Zygodon,Zygodon viridissimus,2021-10-18
bryophyte,Plagiotheciaceae,Isopterygiopsis,Isopterygiopsis pulchella,2021-10-18
bryophyte,Plagiotheciaceae,Plagiothecium,Plagiothecium denticulatum,2021-10-18
bryophyte,Plagiotheciaceae,Plagiothecium,Plagiothecium undulatum,2021-10-18
bryophyte,Polytrichaceae,Atrichum,Atrichum undulatum,2021-10-18
bryophyte,Polytrichaceae,Oligotrichum,Oligotrichum hercynicum,2021-10-18
bryophyte,Polytrichaceae,Pogonatum,Pogonatum urnigerum,2021-10-18
bryophyte,Polytrichaceae,Polytrichum,Polytrichum commune,2021-10-18
bryophyte,Polytrichaceae,Polytrichum,Polytrichum formosum,2021-10-18
bryophyte,Pottiaceae,Anoectangium,Anoectangium aestivum,2021-10-18
bryophyte,Pottiaceae,Bryoerythrophyllum,Bryoerythrophyllum ferruginascens,2021-10-18
bryophyte,Pottiaceae,Chionoloma,Chionoloma tenuirostre,2021-10-18
bryophyte,Pottiaceae,Didymodon,Didymodon insulanus,2021-10-18
bryophyte,Pottiaceae,Gymnostomum,Gymnostomum aeruginosum,2021-10-18
bryophyte,Pottiaceae,Tortella,Tortella tortuosa,2021-10-18
bryophyte,Pottiaceae,Trichostomum,Trichostomum brachydontium,2021-10-18
bryophyte,Pterigynandraceae,Pterigynandrum,Pterigynandrum filiforme,2021-10-18
bryophyte,Ptychomitriaceae,Ptychomitrium,Ptychomitrium polyphyllum,2021-10-18
bryophyte,Pylaisiaceae,Calliergonella,Calliergonella cuspidata,2021-10-18
bryophyte,Pylaisiaceae,Ptilium,Ptilium crista-castrensis,2021-10-18
bryophyte,Rhabdoweisiaceae,Dicranoweisia,Dicranoweisia cirrata,2021-10-18
bryophyte,Rhabdoweisiaceae,Kiaeria,Kiaeria blyttii,2021-10-18
bryophyte,Rhytidiaceae,Rhytidium,Rhytidium rugosum,2021-10-18
bryophyte,Scorpidiaceae,Hygrohypnella,Hygrohypnella ochracea,2021-10-18
bryophyte,Scorpidiaceae,Sanionia,Sanionia uncinata,2021-10-18
bryophyte,Scorpidiaceae,Scorpidium,Scorpidium cossonii,2021-10-18
bryophyte,Scorpidiaceae,Scorpidium,Scorpidium revolvens,2021-10-18
bryophyte,Scorpidiaceae,Scorpidium,Scorpidium scorpioides,2021-10-18
bryophyte,Seligeriaceae,Blindia,Blindia acuta,2021-10-18
bryophyte,Sphagnaceae,Sphagnum,Sphagnum angustifolium,2021-10-18
bryophyte,Sphagnaceae,Sphagnum,Sphagnum contortum,2021-10-18
bryophyte,Sphagnaceae,Sphagnum,Sphagnum fimbriatum,2021-10-18
bryophyte,Sphagnaceae,Sphagnum,Sphagnum inundatum,2021-10-18
bryophyte,Sphagnaceae,Sphagnum,Sphagnum medium,2021-10-18
bryophyte,Sphagnaceae,Sphagnum,Sphagnum papillosum,2021-10-18
bryophyte,Sphagnaceae,Sphagnum,Sphagnum rubellum,2021-10-18
bryophyte,Sphagnaceae,Sphagnum,Sphagnum tenellum,2021-10-18
bryophyte,Splachnaceae,Splachnum,Splachnum sphaericum,2021-10-18
bryophyte,Splachnaceae,Tetraplodon,Tetraplodon mnioides,2021-10-18
bryophyte,Stereodontaceae,Stereodon,Stereodon callichrous,2021-10-18
bryophyte,Thuidiaceae,Thuidium,Thuidium delicatulum,2021-10-18
bryophyte,Thuidiaceae,Thuidium,Thuidium tamariscinum,2021-10-18
