genus,family,order,group,county,county_lat,county_lon,order_copo,family_copo,genus_copo,taxon_name,collector_number,latitude_decimal,longitude_decimal,collection_date_verbatim
,,,,"",,,,,,,,48.208164,16.228558,
Carpobrotus,Aizoaceae,Caryophyllales,Angiosperms,"",,,Caryophyllales,Aizoaceae,Carpobrotus,Carpobrotus edulis,MC9394,49.959,-5.206,2022-06-15
Disphyma,Aizoaceae,Caryophyllales,Angiosperms,"",,,Caryophyllales,Aizoaceae,Disphyma,Disphyma crassifolium,MC9395,49.959,-5.206,2022-06-15
Silene,Caryophyllaceae,Caryophyllales,Angiosperms,"",,,Caryophyllales,Caryophyllaceae,Silene,Silene uniflora,MC9396,49.959,-5.206,2022-06-15
,,,,"",,,,,,,,49.959587,-5.207695,
Trifolium,Fabaceae,Fabales,Angiosperms,"",,,Fabales,Fabaceae,Trifolium,Trifolium occidentale,MC9384,49.9681,-5.2167,2022-06-15
Betonica,Lamiaceae,Lamiales,Angiosperms,Cornwall,50.448118,-5.158114,Lamiales,Lamiaceae,Betonica,Betonica officinalis,MC9385,49.9683,-5.2139,2022-06-15
Senecio,Asteraceae,Asterales,Angiosperms,Cornwall,50.448118,-5.158114,Asterales,Asteraceae,Senecio,Senecio sylvaticus,MC9386,49.9683,-5.2139,2022-06-15
Fumaria,Papaveraceae,Ranunculales,Angiosperms,Cornwall,50.448118,-5.158114,Ranunculales,Papaveraceae,Fumaria,Fumaria occidentalis,MC9393,49.9695,-5.205,2022-06-15
Ranunculus,Ranunculaceae,Ranunculales,Angiosperms,Cornwall,50.448118,-5.158114,Ranunculales,Ranunculaceae,Ranunculus,Ranunculus sardous,MC9387,49.9699,-5.214,2022-06-15
Bellardia,Orobanchaceae,Lamiales,Angiosperms,Cornwall,50.448118,-5.158114,Lamiales,Orobanchaceae,Bellardia,Bellardia viscosa,MC9388,49.9699,-5.214,2022-06-15
Euphrasia,Orobanchaceae,Lamiales,Angiosperms,Cornwall,50.448118,-5.158114,Lamiales,Orobanchaceae,Euphrasia,Euphrasia tetraquetra,MC9391,49.9721,-5.2182,2022-06-15
Anagallis,Primulaceae,Ericales,Angiosperms,Cornwall,50.448118,-5.158114,Ericales,Primulaceae,Anagallis,Anagallis tenella,MC9392,49.9721,-5.2182,2022-06-15
Cuscuta,Convolvulaceae,Solanales,Angiosperms,Cornwall,50.448118,-5.158114,Solanales,Convolvulaceae,Cuscuta,Cuscuta epithymum,MC9382,49.973,-5.2234,2022-06-15
Leontodon,Asteraceae,Asterales,Angiosperms,Cornwall,50.448118,-5.158114,Asterales,Asteraceae,Leontodon,Leontodon saxatilis,MC9383,49.973,-5.2234,2022-06-15
Herniaria,Caryophyllaceae,Caryophyllales,Angiosperms,Cornwall,50.448118,-5.158114,Caryophyllales,Caryophyllaceae,Herniaria,Herniaria ciliolata,MC9381,49.9733,-5.2248,2022-06-15
Spergularia,Caryophyllaceae,Caryophyllales,Angiosperms,Cornwall,50.448118,-5.158114,Caryophyllales,Caryophyllaceae,Spergularia,Spergularia bocconei,MC9365,49.9745,-5.2252,2022-06-14
Raphanus,Brassicaceae,Brassicales,Angiosperms,Cornwall,50.448118,-5.158114,Brassicales,Brassicaceae,Raphanus,Raphanus raphanistrum,MC9380,49.9753,-5.2252,2022-06-15
Filipendula,Rosaceae,Rosales,Angiosperms,Cornwall,50.448118,-5.158114,Rosales,Rosaceae,Filipendula,Filipendula vulgaris,MC9366,49.9755,-5.225,2022-06-14
Cytisus,Fabaceae,Fabales,Angiosperms,Cornwall,50.448118,-5.158114,Fabales,Fabaceae,Cytisus,Cytisus scoparius,MC9367,49.9761,-5.2256,2022-06-14
Genista,Fabaceae,Fabales,Angiosperms,Cornwall,50.448118,-5.158114,Fabales,Fabaceae,Genista,Genista tinctoria,MC9373,49.9762,-5.2329,2022-06-14
Orobanche,Orobanchaceae,Lamiales,Angiosperms,Cornwall,50.448118,-5.158114,Lamiales,Orobanchaceae,Orobanche,Orobanche alba,MC9374,49.9762,-5.2329,2022-06-14
Hypochaeris,Asteraceae,Asterales,Angiosperms,Cornwall,50.448118,-5.158114,Asterales,Asteraceae,Hypochaeris,Hypochaeris maculata,MC9375,49.9762,-5.2329,2022-06-14
Genista,Fabaceae,Fabales,Angiosperms,Cornwall,50.448118,-5.158114,Fabales,Fabaceae,Genista,Genista pilosa,MC9376,49.9762,-5.2329,2022-06-14
Erica,Ericaceae,Ericales,Angiosperms,Cornwall,50.448118,-5.158114,Ericales,Ericaceae,Erica,Erica vagans,MC9368,49.9764,-5.2262,2022-06-14
Pedicularis,Orobanchaceae,Lamiales,Angiosperms,Cornwall,50.448118,-5.158114,Lamiales,Orobanchaceae,Pedicularis,Pedicularis sylvatica,MC9369,49.9764,-5.2262,2022-06-14
Genista,Fabaceae,Fabales,Angiosperms,Cornwall,50.448118,-5.158114,Fabales,Fabaceae,Genista,Genista anglica,MC9371,49.9775,-5.2271,2022-06-14
Callitriche,Plantaginaceae,Lamiales,Angiosperms,Cornwall,50.448118,-5.158114,Lamiales,Plantaginaceae,Callitriche,Callitriche obtusangula,MC9398,50.0928,-5.2838,2022-06-15
,,,,Cornwall,50.448118,-5.158114,,,,,,50.201805,-5.41075,
Fumaria,Papaveraceae,Ranunculales,Angiosperms,Cornwall,50.448118,-5.158114,Ranunculales,Papaveraceae,Fumaria,Fumaria purpurea,MC9379,50.2177,-5.3114,2022-06-15
Euphrasia,Orobanchaceae,Lamiales,Angiosperms,Cornwall,50.448118,-5.158114,Lamiales,Orobanchaceae,Euphrasia,Euphrasia tetraquetra x Euphrasia vigursii,D21-CAR,50.258778,-5.303972,2014-08-15
Euphrasia,Orobanchaceae,Lamiales,Angiosperms,Devon,50.720015,-3.803525,Lamiales,Orobanchaceae,Euphrasia,Euphrasia anglica,BED-1,50.5135,-4.113306,2019-09-10
Artemisia,Asteraceae,Asterales,Angiosperms,"",,,Asterales,Asteraceae,Artemisia,Artemisia maritima,MC9301,50.7704,-0.1478,2021-09-07
HALIMIONE,,,,"",,,Caryophyllales,Chenopodiaceae,Halimione,HALIMIONE PORTULACOIDES,MC9302,50.7704,-0.1478,2021-09-07
Trifolium,Fabaceae,Fabales,Angiosperms,"",,,Fabales,Fabaceae,Trifolium,Trifolium fragiferum,MC9304,50.7704,-0.1478,2021-09-07
Euphrasia,Orobanchaceae,Lamiales,Angiosperms,Hampshire,50.997248,-1.328988,Lamiales,Orobanchaceae,Euphrasia,Euphrasia confusa,WHP-1,50.811333,-1.715972,2019-09-10
Beta,Amaranthaceae,Caryophyllales,Angiosperms,"",,,Caryophyllales,Chenopodiaceae,Beta,Beta vulgaris,SM46,50.8241,-0.3011,2021-09-07
Tamarix,Tamaricaceae,Caryophyllales,Angiosperms,"",,,Caryophyllales,Tamaricaceae,Tamarix,Tamarix gallica,MC9299,50.8241,-0.3011,2021-09-07
Salicornia,Amaranthaceae,Caryophyllales,Angiosperms,"",,,Caryophyllales,Chenopodiaceae,Salicornia,Salicornia ramosissima,MC9300,50.8241,-0.3011,2021-09-07
Frankenia,Frankeniaceae,Caryophyllales,Angiosperms,"",,,Caryophyllales,Frankeniaceae,Frankenia,Frankenia laevis,MC9297,50.825,-0.2959,2021-09-07
Euphrasia,Orobanchaceae,Lamiales,Angiosperms,East Cornwall,,,Lamiales,Orobanchaceae,Euphrasia,Euphrasia tetraquetra,AT2201,50.84853,-4.55515,2021-07-01
,,,,West Sussex,50.931384,-0.507295,,,,,,50.89678,-0.8269014,
,,,,Hampshire,50.997248,-1.328988,,,,,,50.90742,-1.620662,
,,,,West Sussex,50.931384,-0.507295,,,,,,50.931553,-0.561522,
Euphrasia,Orobanchaceae,Lamiales,Angiosperms,West Sussex,50.931384,-0.507295,Lamiales,Orobanchaceae,Euphrasia,Euphrasia anglica x Euphrasia nemorosa,E4E0014-1,50.95602,-0.875311,2015-06-01
Polygala,Polygalaceae,Fabales,Angiosperms,East Sussex,50.952643,0.292389,Fabales,Polygalaceae,Polygala,Polygala amarella,MC9221,51.0677,-0.0902,2021-06-29
Phyteuma,Campanulaceae,Asterales,Angiosperms,East Sussex,50.952643,0.292389,Asterales,Campanulaceae,Phyteuma,Phyteuma spicatum,MC9222,51.0677,-0.0902,2021-06-29
Limonium,Plumbaginaceae,Caryophyllales,Angiosperms,East Sussex,50.952643,0.292389,Caryophyllales,Plumbaginaceae,Limonium,Limonium binervosum,MC9223,51.0677,-0.0902,2021-06-29
Pyrus,Rosaceae,Rosales,Angiosperms,East Sussex,50.952643,0.292389,Rosales,Rosaceae,Pyrus,Pyrus cordata,MC9224,51.0677,-0.0902,2021-06-29
Filago,Asteraceae,Asterales,Angiosperms,East Sussex,50.952643,0.292389,Asterales,Asteraceae,Filago,Filago pyramidata,MC9225,51.0677,-0.0902,2021-06-29
Phyteuma,Campanulaceae,Asterales,Angiosperms,East Sussex,50.952643,0.292389,Asterales,Campanulaceae,Phyteuma,Phyteuma orbiculare,MC9226,51.0677,-0.0902,2021-06-29
Ulex,Fabaceae,Fabales,Angiosperms,East Sussex,50.952643,0.292389,Fabales,Fabaceae,Ulex,Ulex minor,MC9228,51.0686,-0.0896,2021-06-29
Menyanthes,Menyanthaceae,Asterales,Angiosperms,East Sussex,50.952643,0.292389,Asterales,Menyanthaceae,Menyanthes,Menyanthes trifoliata,MC9229,51.0686,-0.0896,2021-06-29
Kickxia,Plantaginaceae,Lamiales,Angiosperms,East Sussex,50.952643,0.292389,Lamiales,Plantaginaceae,Kickxia,Kickxia elatine,MC9231,51.0686,-0.0896,2021-06-29
Teucrium,Lamiaceae,Lamiales,Angiosperms,East Sussex,50.952643,0.292389,Lamiales,Lamiaceae,Teucrium,Teucrium chamaedrys,MC9217,51.0689,-0.0908,2021-06-29
Valeriana,Caprifoliaceae,Dipsacales,Angiosperms,East Sussex,50.952643,0.292389,Dipsacales,Caprifoliaceae,Valeriana,Valeriana officinalis,MC9218,51.0689,-0.0908,2021-06-29
Eryngium,Apiaceae,Apiales,Angiosperms,East Sussex,50.952643,0.292389,Apiales,Apiaceae,Eryngium,Eryngium campestre,MC9220,51.0689,-0.0908,2021-06-29
Brassica,Brassicaceae,Brassicales,Angiosperms,Kent,51.259187,0.72614,Brassicales,Brassicaceae,Brassica,Brassica oleracea,MC 9000,51.1313,1.3412,2020-08-04
Ononis,Fabaceae,Fabales,Angiosperms,Kent,51.259187,0.72614,Fabales,Fabaceae,Ononis,Ononis repens,MC 9001,51.1313,1.3412,2020-08-04
Euphrasia,Orobanchaceae,Lamiales,Angiosperms,Kent,51.259187,0.72614,Lamiales,Orobanchaceae,Euphrasia,Euphrasia pseudokerneri,D16-E4E008-5,51.14415,1.3791149,2015-06-01
Origanum,Lamiaceae,Lamiales,Angiosperms,Surrey,51.271865,-0.372814,Lamiales,Lamiaceae,Origanum,Origanum vulgare,MC9284,51.2543,-0.3168,2021-08-23
Inula,Asteraceae,Asterales,Angiosperms,Surrey,51.271865,-0.372814,Asterales,Asteraceae,Inula,Inula conyza,MC9285,51.2543,-0.3168,2021-08-23
Blackstonia,Gentianaceae,Gentianales,Angiosperms,Surrey,51.271865,-0.372814,Gentianales,Gentianaceae,Blackstonia,Blackstonia perfoliata,MC9283,51.2563,-0.32,2021-08-23
Malus,Rosaceae,Rosales,Angiosperms,Kent,51.259187,0.72614,Rosales,Rosaceae,Malus,Malus domestica,Decio,51.2859,0.4533,2021-05-24
Malus,Rosaceae,Rosales,Angiosperms,Kent,51.259187,0.72614,Rosales,Rosaceae,Malus,Malus x robusta,Robusta-5,51.2859,0.4533,2021-05-24
Malus,Rosaceae,Rosales,Angiosperms,Kent,51.259187,0.72614,Rosales,Rosaceae,Malus,Malus domestica,Fiesta,51.2859,0.4533,2021-05-24
Malus,Rosaceae,Rosales,Angiosperms,Kent,51.259187,0.72614,Rosales,Rosaceae,Malus,Malus domestica,Park Farm Pippin,51.2859,0.4533,2021-05-24
Ornithopus,Fabaceae,Fabales,Angiosperms,Surrey,51.271865,-0.372814,Fabales,Fabaceae,Ornithopus,Ornithopus perpusillus,MSV2415,51.2884,-0.17861,2021-08-03
Malus,Rosaceae,Rosales,Angiosperms,Surrey,51.271865,-0.372814,Rosales,Rosaceae,Malus,Malus domestica,Brown snout,51.309788,-0.47617,2021-05-12
Malus,Rosaceae,Rosales,Angiosperms,Surrey,51.271865,-0.372814,Rosales,Rosaceae,Malus,Malus domestica,Bardsey,51.309788,-0.47617,2021-05-12
Malus,Rosaceae,Rosales,Angiosperms,Surrey,51.271865,-0.372814,Rosales,Rosaceae,Malus,Malus domestica,Harvey,51.309788,-0.47617,2021-05-12
Malus,Rosaceae,Rosales,Angiosperms,Surrey,51.271865,-0.372814,Rosales,Rosaceae,Malus,Malus domestica,Breakwells seedling,51.309788,-0.47617,2021-05-12
Malus,Rosaceae,Rosales,Angiosperms,Surrey,51.271865,-0.372814,Rosales,Rosaceae,Malus,Malus domestica,Kingston Black,51.309788,-0.47617,2021-05-12
Malus,Rosaceae,Rosales,Angiosperms,Surrey,51.271865,-0.372814,Rosales,Rosaceae,Malus,Malus domestica,Blenheim Orange,51.309788,-0.47617,2021-05-12
Malus,Rosaceae,Rosales,Angiosperms,Surrey,51.271865,-0.372814,Rosales,Rosaceae,Malus,Malus domestica,Worcester Pearman,51.309788,-0.47617,2021-05-12
Malus,Rosaceae,Rosales,Angiosperms,Surrey,51.271865,-0.372814,Rosales,Rosaceae,Malus,Malus domestica,Asmeads Kernel,51.309788,-0.47617,2021-05-12
,,,,Kent,51.259187,0.72614,,,,,,51.32393,0.19442289,
Cochlearia,Brassicaceae,Brassicales,Angiosperms,Surrey,51.271865,-0.372814,Brassicales,Brassicaceae,Cochlearia,Cochlearia danica,MC9318,51.3383,-0.3102,2022-04-12
LAMIUM,,,,Surrey,51.271865,-0.372814,Lamiales,Lamiaceae,Lamium,LAMIUM GALEOBDOLON,MC9319,51.3383,-0.3102,2022-04-12
Oenanthe,Apiaceae,Apiales,Angiosperms,Surrey,51.271865,-0.372814,Apiales,Apiaceae,Oenanthe,Oenanthe pimpinelloides,MC9320,51.3383,-0.3102,2022-04-12
Tragopogon,Asteraceae,Asterales,Angiosperms,Surrey,51.271865,-0.372814,Asterales,Asteraceae,Tragopogon,Tragopogon pratensis,MC9321,51.3383,-0.3102,2022-04-12
Caltha,Ranunculaceae,Ranunculales,Angiosperms,Surrey,51.271865,-0.372814,Ranunculales,Ranunculaceae,Caltha,Caltha palustris,MC9323,51.3425,-0.3175,2022-04-12
Stellaria,Caryophyllaceae,Caryophyllales,Angiosperms,Surrey,51.271865,-0.372814,Caryophyllales,Caryophyllaceae,Stellaria,Stellaria holostea,MC9316,51.3494,-0.3129,2022-04-12
Viscum,Santalaceae,Santalales,Angiosperms,Greater London,51.490777,-0.082497,Santalales,Viscaceae,Viscum,Viscum album,MC 9090,51.4061,-0.3319,2020-09-07
Viscum,Santalaceae,Santalales,Angiosperms,Greater London,51.490777,-0.082497,Santalales,Viscaceae,Viscum,Viscum album,MC9090,51.4061,-0.3319,2021-11-12
Viscum,Santalaceae,Santalales,Angiosperms,Greater London,51.490777,-0.082497,Santalales,Viscaceae,Viscum,Viscum album,MC9309,51.4061,-0.3319,2022-03-09
Alchemilla,Rosaceae,Rosales,Angiosperms,Greater London,51.490777,-0.082497,Rosales,Rosaceae,Alchemilla,Alchemilla arvensis,MC9120,51.4075,-0.3209,2021-03-09
Scrophularia,Scrophulariaceae,Lamiales,Angiosperms,Greater London,51.490777,-0.082497,Lamiales,Scrophulariaceae,Scrophularia,Scrophularia auriculata,MC 9087,51.4093,-0.317,2020-09-07
Chelidonium,Papaveraceae,Ranunculales,Angiosperms,Greater London,51.490777,-0.082497,Ranunculales,Papaveraceae,Chelidonium,Chelidonium majus,MC 9086,51.4111,-0.3108,2020-09-07
Buddleja,Scrophulariaceae,Lamiales,Angiosperms,Surrey,51.271865,-0.372814,Lamiales,Scrophulariaceae,Buddleja,Buddleja davidii,MC 9096,51.4136,-0.3077,2020-09-07
Clematis,Ranunculaceae,Ranunculales,Angiosperms,Surrey,51.271865,-0.372814,Ranunculales,Ranunculaceae,Clematis,Clematis vitalba,MC 9093,51.415,-0.3051,2020-09-07
Fallopia,Polygonaceae,Caryophyllales,Angiosperms,Surrey,51.271865,-0.372814,Caryophyllales,Polygonaceae,Fallopia,Fallopia convolvulus,MC 9031,51.4192,-0.3044,2020-08-12
Soleirolia,Urticaceae,Rosales,Angiosperms,Surrey,51.271865,-0.372814,Rosales,Urticaceae,Soleirolia,Soleirolia soleirolii,MC9348,51.4194,-0.3046,2022-05-24
Sisymbrium,Brassicaceae,Brassicales,Angiosperms,Surrey,51.271865,-0.372814,Brassicales,Brassicaceae,Sisymbrium,Sisymbrium officinale,MC9351,51.4194,-0.3046,2022-05-24
Barbarea,Brassicaceae,Brassicales,Angiosperms,Surrey,51.271865,-0.372814,Brassicales,Brassicaceae,Barbarea,Barbarea vulgaris,MC9352,51.4194,-0.3046,2022-05-24
Lepidium,Brassicaceae,Brassicales,Angiosperms,Surrey,51.271865,-0.372814,Brassicales,Brassicaceae,Lepidium,Lepidium didymum,MC9353,51.4194,-0.3046,2022-05-24
Sagina,Caryophyllaceae,Caryophyllales,Angiosperms,Surrey,51.271865,-0.372814,Caryophyllales,Caryophyllaceae,Sagina,Sagina procumbens,MC9349,51.4198,-0.3032,2022-05-24
Persicaria,Polygonaceae,Caryophyllales,Angiosperms,Surrey,51.271865,-0.372814,Caryophyllales,Polygonaceae,Persicaria,Persicaria maculosa,MC 9013,51.4207,-0.3051,2020-08-06
Calystegia,Convolvulaceae,Solanales,Angiosperms,Surrey,51.271865,-0.372814,Solanales,Convolvulaceae,Calystegia,Calystegia sepium,MC 9014,51.4207,-0.3051,2020-08-06
Lythrum,Lythraceae,Myrtales,Angiosperms,Surrey,51.271865,-0.372814,Myrtales,Lythraceae,Lythrum,Lythrum salicaria,MC 9015,51.4207,-0.3051,2020-08-06
Lycopus,Lamiaceae,Lamiales,Angiosperms,Surrey,51.271865,-0.372814,Lamiales,Lamiaceae,Lycopus,Lycopus europaeus,MC 9016,51.4207,-0.3051,2020-08-06
Verbena,Verbenaceae,Lamiales,Angiosperms,Surrey,51.271865,-0.372814,Lamiales,Verbenaceae,Verbena,Verbena officinalis,MC 9017,51.4207,-0.3051,2020-08-06
Arctium,Asteraceae,Asterales,Angiosperms,Surrey,51.271865,-0.372814,Asterales,Asteraceae,Arctium,Arctium minus,MC 9019,51.4207,-0.3051,2020-08-06
Medicago,Fabaceae,Fabales,Angiosperms,Surrey,51.271865,-0.372814,Fabales,Fabaceae,Medicago,Medicago arabica,MC 9024,51.4207,-0.3051,2020-08-10
Eupatorium,Asteraceae,Asterales,Angiosperms,Surrey,51.271865,-0.372814,Asterales,Asteraceae,Eupatorium,Eupatorium cannabinum,MC 9025,51.4207,-0.3051,2020-08-10
Phytolacca,Phytolaccaceae,Caryophyllales,Angiosperms,Surrey,51.271865,-0.372814,Caryophyllales,Phytolaccaceae,Phytolacca,Phytolacca acinosa,MC9238,51.4208,-0.3018,2021-07-26
Atropa,Solanaceae,Solanales,Angiosperms,Surrey,51.271865,-0.372814,Solanales,Solanaceae,Atropa,Atropa belladonna,MC 9006,51.4208,-0.3018,2020-08-05
Pseudofumaria,Papaveraceae,Ranunculales,Angiosperms,Surrey,51.271865,-0.372814,Ranunculales,Papaveraceae,Pseudofumaria,Pseudofumaria lutea,MC9311,51.4208,-0.3018,2022-04-01
Cymbalaria,Plantaginaceae,Lamiales,Angiosperms,Surrey,51.271865,-0.372814,Lamiales,Plantaginaceae,Cymbalaria,Cymbalaria muralis,MC9324,51.4208,-0.3018,2022-04-12
Nasturtium,Brassicaceae,Brassicales,Angiosperms,Surrey,51.271865,-0.372814,Brassicales,Brassicaceae,Nasturtium,Nasturtium officinale,MC9327,51.4208,-0.3018,2022-05-06
Alchemilla,Rosaceae,Rosales,Angiosperms,Surrey,51.271865,-0.372814,Rosales,Rosaceae,Alchemilla,Alchemilla micans,MC9343,51.4208,-0.3018,2022-05-18
Saxifraga,Saxifragaceae,Saxifragales,Angiosperms,Surrey,51.271865,-0.372814,Saxifragales,Saxifragaceae,Saxifraga,Saxifraga hypnoides,MC9344,51.4208,-0.3018,2022-05-18
Myriophyllum,Haloragaceae,Saxifragales,Angiosperms,Surrey,51.271865,-0.372814,Saxifragales,Haloragaceae,Myriophyllum,Myriophyllum aquaticum,MC9345,51.4208,-0.3018,2022-05-18
Myriophyllum,Haloragaceae,Saxifragales,Angiosperms,Surrey,51.271865,-0.372814,Saxifragales,Haloragaceae,Myriophyllum,Myriophyllum spicatum,MC9346,51.4208,-0.3018,2022-05-18
Calendula,Asteraceae,Asterales,Angiosperms,Surrey,51.271865,-0.372814,Asterales,Asteraceae,Calendula,Calendula officinalis,MC9135,51.4209,-0.3049,2021-04-06
Plantago,Plantaginaceae,Lamiales,Angiosperms,Surrey,51.271865,-0.372814,Lamiales,Plantaginaceae,Plantago,Plantago coronopus,MC9138,51.4209,-0.3049,2021-04-06
Erodium,Geraniaceae,Geraniales,Angiosperms,Surrey,51.271865,-0.372814,Geraniales,Geraniaceae,Erodium,Erodium moschatum,MC9139,51.4209,-0.3049,2021-04-06
Capsella,Brassicaceae,Brassicales,Angiosperms,Surrey,51.271865,-0.372814,Brassicales,Brassicaceae,Capsella,Capsella bursa-pastoris,MC9140,51.4209,-0.3049,2021-04-06
Solanum,Solanaceae,Solanales,Angiosperms,Surrey,51.271865,-0.372814,Solanales,Solanaceae,Solanum,Solanum dulcamara,MC 9032,51.4212,-0.3051,2020-08-12
Vicia,Fabaceae,Fabales,Angiosperms,Surrey,51.271865,-0.372814,Fabales,Fabaceae,Vicia,Vicia cracca,MC 9033,51.4212,-0.3051,2020-08-12
Stachys,Lamiaceae,Lamiales,Angiosperms,Surrey,51.271865,-0.372814,Lamiales,Lamiaceae,Stachys,Stachys palustris,MC 9034,51.4212,-0.3051,2020-08-12
Humulus,Cannabaceae,Rosales,Angiosperms,Surrey,51.271865,-0.372814,Rosales,Cannabaceae,Humulus,Humulus lupulus,MC 9035,51.4212,-0.3051,2020-08-12
Rumex,Polygonaceae,Caryophyllales,Angiosperms,Surrey,51.271865,-0.372814,Caryophyllales,Polygonaceae,Rumex,Rumex hydrolapathum,MC 9036,51.4212,-0.3051,2020-08-12
Filipendula,Rosaceae,Rosales,Angiosperms,Surrey,51.271865,-0.372814,Rosales,Rosaceae,Filipendula,Filipendula ulmaria,MC 9037,51.4212,-0.3051,2020-08-12
Alnus,Betulaceae,Fagales,Angiosperms,Surrey,51.271865,-0.372814,Fagales,Betulaceae,Alnus,Alnus glutinosa,MC 9038,51.4212,-0.3051,2020-08-12
Matricaria,Asteraceae,Asterales,Angiosperms,Surrey,51.271865,-0.372814,Asterales,Asteraceae,Matricaria,Matricaria discoidea,MC9356,51.4218,-0.0746,2022-05-27
Matricaria,Asteraceae,Asterales,Angiosperms,Surrey,51.271865,-0.372814,Asterales,Asteraceae,Matricaria,Matricaria chamomilla,MC9357,51.4218,-0.0746,2022-05-27
Potentilla,Rosaceae,Rosales,Angiosperms,Surrey,51.271865,-0.372814,Rosales,Rosaceae,Potentilla,Potentilla reptans,MC9350,51.4218,-0.3056,2022-05-24
Crepis,Asteraceae,Asterales,Angiosperms,Surrey,51.271865,-0.372814,Asterales,Asteraceae,Crepis,Crepis capillaris,MC9354,51.4218,-0.3056,2022-05-24
Pulicaria,Asteraceae,Asterales,Angiosperms,Surrey,51.271865,-0.372814,Asterales,Asteraceae,Pulicaria,Pulicaria dysenterica,MC 9039,51.4224,-0.3057,2020-08-12
Potentilla,Rosaceae,Rosales,Angiosperms,Surrey,51.271865,-0.372814,Rosales,Rosaceae,Potentilla,Potentilla anserina,MC 9040,51.4224,-0.3057,2020-08-12
Tussilago,Asteraceae,Asterales,Angiosperms,Greater London,51.490777,-0.082497,Asterales,Asteraceae,Tussilago,Tussilago farfara,MC9151,51.4252,-0.308,2021-04-19
Quercus,Fagaceae,Fagales,Angiosperms,Greater London,51.490777,-0.082497,Fagales,Fagaceae,Quercus,Quercus ilex,MC9244,51.4257,-0.3082,2021-07-26
Galium,Rubiaceae,Gentianales,Angiosperms,Surrey,51.271865,-0.372814,Gentianales,Rubiaceae,Galium,Galium aparine,MC 9094,51.4262,-0.3003,2020-09-07
Chenopodium,Amaranthaceae,Caryophyllales,Angiosperms,Surrey,51.271865,-0.372814,Caryophyllales,Chenopodiaceae,Chenopodium,Chenopodium album,MC9211,51.4262,-0.3003,2021-06-28
Anagallis,Primulaceae,Ericales,Angiosperms,Surrey,51.271865,-0.372814,Ericales,Primulaceae,Anagallis,Anagallis arvensis,MC9212,51.4262,-0.3003,2021-06-28
Papaver,Papaveraceae,Ranunculales,Angiosperms,Surrey,51.271865,-0.372814,Ranunculales,Papaveraceae,Papaver,Papaver somniferum,MC9214,51.4262,-0.3003,2021-06-28
Borago,Boraginaceae,Boraginales,Angiosperms,Surrey,51.271865,-0.372814,Boraginales,Boraginaceae,Borago,Borago officinalis,MC 9020,51.4262,-0.3003,2020-08-06
Misopates,Plantaginaceae,Lamiales,Angiosperms,Surrey,51.271865,-0.372814,Lamiales,Plantaginaceae,Misopates,Misopates orontium,MC 9021,51.4262,-0.3003,2020-08-06
Convolvulus,Convolvulaceae,Solanales,Angiosperms,Surrey,51.271865,-0.372814,Solanales,Convolvulaceae,Convolvulus,Convolvulus arvensis,MC 9026,51.4262,-0.3003,2020-08-10
Stellaria,Caryophyllaceae,Caryophyllales,Angiosperms,Surrey,51.271865,-0.372814,Caryophyllales,Caryophyllaceae,Stellaria,Stellaria media,MC 9027,51.4262,-0.3003,2020-08-10
Myosotis,Boraginaceae,Boraginales,Angiosperms,Surrey,51.271865,-0.372814,Boraginales,Boraginaceae,Myosotis,Myosotis sylvatica,MC9179,51.4265,-0.3006,2021-05-10
Linaria,Plantaginaceae,Lamiales,Angiosperms,Greater London,51.490777,-0.082497,Lamiales,Plantaginaceae,Linaria,Linaria vulgaris,MC 9063,51.4282,-0.3121,2020-09-01
Tanacetum,Asteraceae,Asterales,Angiosperms,Greater London,51.490777,-0.082497,Asterales,Asteraceae,Tanacetum,Tanacetum vulgare,MC 9065,51.4282,-0.3121,2020-09-01
Cardamine,Brassicaceae,Brassicales,Angiosperms,Greater London,51.490777,-0.082497,Brassicales,Brassicaceae,Cardamine,Cardamine pratensis,MC9134,51.4282,-0.3129,2021-04-06
Onobrychis,Fabaceae,Fabales,Angiosperms,Surrey,51.271865,-0.372814,Fabales,Fabaceae,Onobrychis,Onobrychis viciifolia,MC 9058,51.4284,-0.2951,2020-08-27
Nuphar,Nymphaeaceae,Nymphaeales,Angiosperms,"",,,Nymphaeales,Nymphaeaceae,Nuphar,Nuphar pumila,MC9215,51.4284,-2951,2021-06-28
Sanguisorba,Rosaceae,Rosales,Angiosperms,Surrey,51.271865,-0.372814,Rosales,Rosaceae,Sanguisorba,Sanguisorba officinalis,MC9340,51.4287,-0.295,2022-05-18
Leucanthemum,Asteraceae,Asterales,Angiosperms,Surrey,51.271865,-0.372814,Asterales,Asteraceae,Leucanthemum,Leucanthemum vulgare,MC9341,51.4287,-0.295,2022-05-18
Quercus,Fagaceae,Fagales,Angiosperms,Greater London,51.490777,-0.082497,Fagales,Fagaceae,Quercus,Quercus cerris,MC9243,51.429,-0.3148,2021-07-26
Vicia,Fabaceae,Fabales,Angiosperms,Surrey,51.271865,-0.372814,Fabales,Fabaceae,Vicia,Vicia sativa,MC9182,51.4293,-0.3072,2021-05-17
Smyrnium,Apiaceae,Apiales,Angiosperms,Greater London,51.490777,-0.082497,Apiales,Apiaceae,Smyrnium,Smyrnium olusatrum,MC9150,51.4298,-0.3168,2021-04-19
Geranium,Geraniaceae,Geraniales,Angiosperms,Greater London,51.490777,-0.082497,Geraniales,Geraniaceae,Geranium,Geranium rotundifolium,MC9149,51.4303,-0.319,2021-04-19
Smyrnium,Apiaceae,Apiales,Angiosperms,Surrey,51.271865,-0.372814,Apiales,Apiaceae,Smyrnium,Smyrnium perfoliatum,MC9143,51.4316,-0.2936,2021-04-11
Helminthotheca,Asteraceae,Asterales,Angiosperms,Surrey,51.271865,-0.372814,Asterales,Asteraceae,Helminthotheca,Helminthotheca echioides,MC9272,51.4318,-0.324,2021-08-17
Galium,Rubiaceae,Gentianales,Angiosperms,Surrey,51.271865,-0.372814,Gentianales,Rubiaceae,Galium,Galium verum,MC9273,51.4318,-0.324,2021-08-17
Sherardia,Rubiaceae,Gentianales,Angiosperms,Greater London,51.490777,-0.082497,Gentianales,Rubiaceae,Sherardia,Sherardia arvensis,MC9177,51.4324,-0.3253,2021-05-10
Salvia,Lamiaceae,Lamiales,Angiosperms,Greater London,51.490777,-0.082497,Lamiales,Lamiaceae,Salvia,Salvia verbenaca,MC9178,51.4324,-0.3253,2021-05-10
Saponaria,Caryophyllaceae,Caryophyllales,Angiosperms,Surrey,51.271865,-0.372814,Caryophyllales,Caryophyllaceae,Saponaria,Saponaria officinalis,MC9274,51.4326,-0.321,2021-08-17
Plantago,Plantaginaceae,Lamiales,Angiosperms,Greater London,51.490777,-0.082497,Lamiales,Plantaginaceae,Plantago,Plantago major,MC9275,51.4335,-0.325,2021-08-17
Odontites,Orobanchaceae,Lamiales,Angiosperms,Surrey,51.271865,-0.372814,Lamiales,Orobanchaceae,Odontites,Odontites vernus,MC9239,51.435,-0.3214,2021-07-26
Lathyrus,Fabaceae,Fabales,Angiosperms,Surrey,51.271865,-0.372814,Fabales,Fabaceae,Lathyrus,Lathyrus aphaca,MC9240,51.435,-0.3214,2021-07-26
Robinia,Fabaceae,Fabales,Angiosperms,Surrey,51.271865,-0.372814,Fabales,Fabaceae,Robinia,Robinia pseudoacacia,MC9241,51.435,-0.3214,2021-07-26
Rorippa,Brassicaceae,Brassicales,Angiosperms,Greater London,51.490777,-0.082497,Brassicales,Brassicaceae,Rorippa,Rorippa sylvestris,MC9329,51.4353,-0.3265,2022-05-06
Veronica,Plantaginaceae,Lamiales,Angiosperms,Greater London,51.490777,-0.082497,Lamiales,Plantaginaceae,Veronica,Veronica arvensis,MC9331,51.4356,-0.3245,2022-05-06
Blitum,Amaranthaceae,Caryophyllales,Angiosperms,Greater London,51.490777,-0.082497,Caryophyllales,Chenopodiaceae,Blitum,Blitum bonus-henricus,MC9358,51.4356,-0.3245,2022-05-31
Dipsacus,Caprifoliaceae,Dipsacales,Angiosperms,Greater London,51.490777,-0.082497,Dipsacales,Caprifoliaceae,Dipsacus,Dipsacus fullonum,MC9359,51.4356,-0.3245,2022-05-31
Trifolium,Fabaceae,Fabales,Angiosperms,Greater London,51.490777,-0.082497,Fabales,Fabaceae,Trifolium,Trifolium repens,MC9360,51.4356,-0.3245,2022-05-31
Veronica,Plantaginaceae,Lamiales,Angiosperms,Greater London,51.490777,-0.082497,Lamiales,Plantaginaceae,Veronica,Veronica persica,MC9361,51.4356,-0.3245,2022-05-31
Betula,Betulaceae,Fagales,Angiosperms,Surrey,51.271865,-0.372814,Fagales,Betulaceae,Betula,Betula pendula,MC9333,51.4359,-0.3232,2022-05-06
Galega,Fabaceae,Fabales,Angiosperms,Greater London,51.490777,-0.082497,Fabales,Fabaceae,Galega,Galega officinalis,MC9277,51.4359,-0.3254,2021-08-17
Artemisia,Asteraceae,Asterales,Angiosperms,Greater London,51.490777,-0.082497,Asterales,Asteraceae,Artemisia,Artemisia vulgaris,MC9278,51.4359,-0.3254,2021-08-17
Armoracia,Brassicaceae,Brassicales,Angiosperms,Greater London,51.490777,-0.082497,Brassicales,Brassicaceae,Armoracia,Armoracia rusticana,MC9279,51.4359,-0.3254,2021-08-17
Medicago,Fabaceae,Fabales,Angiosperms,Surrey,51.271865,-0.372814,Fabales,Fabaceae,Medicago,Medicago sativa,MC9281,51.4361,-0.3215,2021-08-17
Trifolium,Fabaceae,Fabales,Angiosperms,Surrey,51.271865,-0.372814,Fabales,Fabaceae,Trifolium,Trifolium arvense,MC9282,51.4361,-0.3215,2021-08-17
Lepidium,Brassicaceae,Brassicales,Angiosperms,Surrey,51.271865,-0.372814,Brassicales,Brassicaceae,Lepidium,Lepidium draba,MC9186,51.4376,-0.3228,2021-05-17
Trifolium,Fabaceae,Fabales,Angiosperms,Surrey,51.271865,-0.372814,Fabales,Fabaceae,Trifolium,Trifolium pratense,MC9187,51.4376,-0.3228,2021-05-17
Ranunculus,Ranunculaceae,Ranunculales,Angiosperms,Surrey,51.271865,-0.372814,Ranunculales,Ranunculaceae,Ranunculus,Ranunculus bulbosus,MC9136,51.4381,-0.3228,2021-04-06
Berberis,Berberidaceae,Ranunculales,Angiosperms,Surrey,51.271865,-0.372814,Ranunculales,Berberidaceae,Berberis,Berberis aquifolium,MC9137,51.4395,-0.3222,2021-04-06
Acer,Sapindaceae,Sapindales,Angiosperms,Greater London,51.490777,-0.082497,Sapindales,Sapindaceae,Acer,Acer pseudoplatanus,MC9185,51.4467,-0.3112,2021-05-17
Acer,Sapindaceae,Sapindales,Angiosperms,Surrey,51.271865,-0.372814,Sapindales,Sapindaceae,Acer,Acer campestre,MC 9097,51.4469,-0.2989,2020-09-08
Ilex,Aquifoliaceae,Aquifoliales,Angiosperms,Surrey,51.271865,-0.372814,Aquifoliales,Aquifoliaceae,Ilex,Ilex aquifolium,MC 9098,51.4469,-0.2989,2020-09-08
Hedera,Araliaceae,Apiales,Angiosperms,Surrey,51.271865,-0.372814,Apiales,Araliaceae,Hedera,Hedera helix,MC 9099,51.4469,-0.2989,2020-09-08
Silene,Caryophyllaceae,Caryophyllales,Angiosperms,Surrey,51.271865,-0.372814,Caryophyllales,Caryophyllaceae,Silene,Silene dioica,MC9172,51.447,-0.2989,2021-05-10
Silene,Caryophyllaceae,Caryophyllales,Angiosperms,Surrey,51.271865,-0.372814,Caryophyllales,Caryophyllaceae,Silene,Silene latifolia,MC9173,51.447,-0.2989,2021-05-10
Alliaria,Brassicaceae,Brassicales,Angiosperms,Surrey,51.271865,-0.372814,Brassicales,Brassicaceae,Alliaria,Alliaria petiolata,MC9174,51.447,-0.2989,2021-05-10
Crataegus,Rosaceae,Rosales,Angiosperms,Surrey,51.271865,-0.372814,Rosales,Rosaceae,Crataegus,Crataegus monogyna,MC9175,51.447,-0.2989,2021-05-10
Geranium,Geraniaceae,Geraniales,Angiosperms,Surrey,51.271865,-0.372814,Geraniales,Geraniaceae,Geranium,Geranium dissectum,MC9183,51.447,-0.2989,2021-05-17
Knautia,Caprifoliaceae,Dipsacales,Angiosperms,Surrey,51.271865,-0.372814,Dipsacales,Caprifoliaceae,Knautia,Knautia arvensis,MC9184,51.447,-0.2989,2021-05-17
Carpinus,Betulaceae,Fagales,Angiosperms,Surrey,51.271865,-0.372814,Fagales,Betulaceae,Carpinus,Carpinus betulus,MC9157,51.4476,-0.299,2021-04-27
Petasites,Asteraceae,Asterales,Angiosperms,Surrey,51.271865,-0.372814,Asterales,Asteraceae,Petasites,Petasites fragrans,MC9124,51.4477,-0.2977,2021-03-09
Pentaglottis,Boraginaceae,Boraginales,Angiosperms,Surrey,51.271865,-0.372814,Boraginales,Boraginaceae,Pentaglottis,Pentaglottis sempervirens,MC9130,51.4477,-0.2977,2021-03-22
Anthriscus,Apiaceae,Apiales,Angiosperms,Surrey,51.271865,-0.372814,Apiales,Apiaceae,Anthriscus,Anthriscus sylvestris,MC9131,51.448,-0.2991,2021-03-22
Veronica,Plantaginaceae,Lamiales,Angiosperms,Surrey,51.271865,-0.372814,Lamiales,Plantaginaceae,Veronica,Veronica hederifolia,MC9132,51.448,-0.2991,2021-03-22
Ficaria,Ranunculaceae,Ranunculales,Angiosperms,Surrey,51.271865,-0.372814,Ranunculales,Ranunculaceae,Ficaria,Ficaria verna,MC9121,51.4481,-0.2989,2021-03-09
Lamium,Lamiaceae,Lamiales,Angiosperms,Surrey,51.271865,-0.372814,Lamiales,Lamiaceae,Lamium,Lamium album,MC 9071,51.4488,-0.3055,2020-09-02
Primula,Primulaceae,Ericales,Angiosperms,Surrey,51.271865,-0.372814,Ericales,Primulaceae,Primula,Primula vulgaris,MC9123,51.4501,-0.3,2021-03-09
Impatiens,Balsaminaceae,Ericales,Angiosperms,Surrey,51.271865,-0.372814,Ericales,Balsaminaceae,Impatiens,Impatiens glandulifera,MC 9095,51.4529,-0.3026,2020-09-07
Sorbus,Rosaceae,Rosales,Angiosperms,Surrey,51.271865,-0.372814,Rosales,Rosaceae,Sorbus,Sorbus anglica,MC9193,51.4716,-0.298,2021-05-17
Sorbus,Rosaceae,Rosales,Angiosperms,Surrey,51.271865,-0.372814,Rosales,Rosaceae,Sorbus,Sorbus aria,MC9194,51.4716,-0.298,2021-05-17
Sorbus,Rosaceae,Rosales,Angiosperms,Surrey,51.271865,-0.372814,Rosales,Rosaceae,Sorbus,Sorbus rupicola,MC9195,51.4716,-0.298,2021-05-17
Sorbus,Rosaceae,Rosales,Angiosperms,Surrey,51.271865,-0.372814,Rosales,Rosaceae,Sorbus,Sorbus devoniensis,MC9196,51.4716,-0.298,2021-05-17
Lamium,Lamiaceae,Lamiales,Angiosperms,Surrey,51.271865,-0.372814,Lamiales,Lamiaceae,Lamium,Lamium amplexicaule,MC9189,51.472,-0.2983,2021-05-17
Achillea,Asteraceae,Asterales,Angiosperms,Surrey,51.271865,-0.372814,Asterales,Asteraceae,Achillea,Achillea millefolium,MC9293,51.4725,-0.2945,2021-08-23
Fumaria,Papaveraceae,Ranunculales,Angiosperms,Surrey,51.271865,-0.372814,Ranunculales,Papaveraceae,Fumaria,Fumaria muralis,MC 9008,51.4725,-0.3035,2020-08-05
Urtica,Urticaceae,Rosales,Angiosperms,Surrey,51.271865,-0.372814,Rosales,Urticaceae,Urtica,Urtica urens,MC 9011,51.4725,-0.3035,2020-08-05
Urtica,Urticaceae,Rosales,Angiosperms,Surrey,51.271865,-0.372814,Rosales,Urticaceae,Urtica,Urtica dioica,MC 9012,51.4725,-0.3035,2020-08-05
Karpatiosorbus,,,,Surrey,51.271865,-0.372814,Rosales,Rosaceae,Karpatiosorbus,Karpatiosorbus bristoliensis,MC9338,51.4727,-0.3019,2022-05-06
Ulmus,Ulmaceae,Rosales,Angiosperms,Surrey,51.271865,-0.372814,Rosales,Ulmaceae,Ulmus,Ulmus procera,MC9336,51.4733,-0.3066,2022-05-06
Conopodium,Apiaceae,Apiales,Angiosperms,Surrey,51.271865,-0.372814,Apiales,Apiaceae,Conopodium,Conopodium majus,MC9337,51.4733,-0.3066,2022-05-06
Prunus,Rosaceae,Rosales,Angiosperms,Surrey,51.271865,-0.372814,Rosales,Rosaceae,Prunus,Prunus domestica,MC9145,51.4735,-0.2956,2021-04-11
Glechoma,Lamiaceae,Lamiales,Angiosperms,Surrey,51.271865,-0.372814,Lamiales,Lamiaceae,Glechoma,Glechoma hederacea,MC9147,51.4735,-0.2956,2021-04-11
Hedera,Araliaceae,Apiales,Angiosperms,Surrey,51.271865,-0.372814,Apiales,Araliaceae,Hedera,Hedera hibernica,MC9296,51.4737,-0.2931,2021-08-23
Symphytum,Boraginaceae,Boraginales,Angiosperms,Surrey,51.271865,-0.372814,Boraginales,Boraginaceae,Symphytum,Symphytum officinale,MC9314,51.4737,-0.2933,2022-04-05
Claytonia,Montiaceae,Caryophyllales,Angiosperms,Surrey,51.271865,-0.372814,Caryophyllales,Montiaceae,Claytonia,Claytonia perfoliata,MC9190,51.474,-0.2972,2021-05-17
Agrimonia,Rosaceae,Rosales,Angiosperms,Surrey,51.271865,-0.372814,Rosales,Rosaceae,Agrimonia,Agrimonia eupatoria,MC9292,51.4741,-0.3053,2021-08-23
Buxus,Buxaceae,Buxales,Angiosperms,Surrey,51.271865,-0.372814,Buxales,Buxaceae,Buxus,Buxus sempervirens,MC 9100,51.4744,-0.3058,2020-09-08
Papaver,Papaveraceae,Ranunculales,Angiosperms,Surrey,51.271865,-0.372814,Ranunculales,Papaveraceae,Papaver,Papaver rhoeas,MC 9007,51.475,-0.2955,2020-08-05
Tilia,Malvaceae,Malvales,Angiosperms,Surrey,51.271865,-0.372814,Malvales,Malvaceae,Tilia,Tilia cordata,MC9216,51.4761,-0.2933,2021-06-28
Rumex,Polygonaceae,Caryophyllales,Angiosperms,Greater London,51.490777,-0.082497,Caryophyllales,Polygonaceae,Rumex,Rumex acetosella,MC9335,51.4769,-0.3039,2022-05-06
Veronica,Plantaginaceae,Lamiales,Angiosperms,Greater London,51.490777,-0.082497,Lamiales,Plantaginaceae,Veronica,Veronica chamaedrys,MC 9028,51.477,-0.299,2020-08-10
Rosa,Rosaceae,Rosales,Angiosperms,Surrey,51.271865,-0.372814,Rosales,Rosaceae,Rosa,Rosa agrestis,MC9245,51.4774,-0.2922,2021-07-26
Rosa,Rosaceae,Rosales,Angiosperms,Surrey,51.271865,-0.372814,Rosales,Rosaceae,Rosa,Rosa rubiginosa,MC9246,51.4774,-0.2922,2021-07-26
Rosa,Rosaceae,Rosales,Angiosperms,Surrey,51.271865,-0.372814,Rosales,Rosaceae,Rosa,Rosa canina,MC9247,51.4774,-0.2922,2021-07-26
Cicerbita,Asteraceae,Asterales,Angiosperms,Surrey,51.271865,-0.372814,Asterales,Asteraceae,Cicerbita,Cicerbita muralis,MC 9060,51.4784,-0.2946,2020-08-28
Bellis,Asteraceae,Asterales,Angiosperms,Surrey,51.271865,-0.372814,Asterales,Asteraceae,Bellis,Bellis perennis,MC 9061,51.4784,-0.2946,2020-08-28
Plantago,Plantaginaceae,Lamiales,Angiosperms,Surrey,51.271865,-0.372814,Lamiales,Plantaginaceae,Plantago,Plantago lanceolata,MC 9062,51.4784,-0.2946,2020-08-28
Gunnera,Gunneraceae,Gunnerales,Angiosperms,Surrey,51.271865,-0.372814,Gunnerales,Gunneraceae,Gunnera,Gunnera tinctoria,MC9288,51.4797,-0.2904,2021-08-23
Gunnera,Gunneraceae,Gunnerales,Angiosperms,Surrey,51.271865,-0.372814,Gunnerales,Gunneraceae,Gunnera,Gunnera manicata,MC9289,51.4797,-0.2904,2021-08-23
Geum,Rosaceae,Rosales,Angiosperms,Greater London,51.490777,-0.082497,Rosales,Rosaceae,Geum,Geum urbanum,MC 9055,51.4797,-0.3003,2020-08-26
Rumex,Polygonaceae,Caryophyllales,Angiosperms,Greater London,51.490777,-0.082497,Caryophyllales,Polygonaceae,Rumex,Rumex sanguineus,MC 9056,51.4797,-0.3003,2020-08-26
Claytonia,Montiaceae,Caryophyllales,Angiosperms,Surrey,51.271865,-0.372814,Caryophyllales,Montiaceae,Claytonia,Claytonia sibirica,MC9248,51.48,-0.2894,2021-07-26
Ranunculus,Ranunculaceae,Ranunculales,Angiosperms,Greater London,51.490777,-0.082497,Ranunculales,Ranunculaceae,Ranunculus,Ranunculus acris,MC 9105,51.48,-0.299,2020-09-08
Impatiens,Balsaminaceae,Ericales,Angiosperms,Surrey,51.271865,-0.372814,Ericales,Balsaminaceae,Impatiens,Impatiens noli-tangere,MC 9004,51.4805,-0.2898,2020-08-04
Circaea,Onagraceae,Myrtales,Angiosperms,Surrey,51.271865,-0.372814,Myrtales,Onagraceae,Circaea,Circaea lutetiana,MC 9005,51.4805,-0.2898,2020-08-04
Lathraea,Orobanchaceae,Lamiales,Angiosperms,Surrey,51.271865,-0.372814,Lamiales,Orobanchaceae,Lathraea,Lathraea clandestina,MC9141,51.4805,-0.29,2021-04-06
Chamaenerion,Onagraceae,Myrtales,Angiosperms,Surrey,51.271865,-0.372814,Myrtales,Onagraceae,Chamaenerion,Chamaenerion angustifolium,MC 9103,51.4805,-0.2962,2020-09-08
Ceratocapnos,Papaveraceae,Ranunculales,Angiosperms,Surrey,51.271865,-0.372814,Ranunculales,Papaveraceae,Ceratocapnos,Ceratocapnos claviculata,MC9347,51.4807,-0.2906,2022-05-24
Euonymus,Celastraceae,Celastrales,Angiosperms,Greater London,51.490777,-0.082497,Celastrales,Celastraceae,Euonymus,Euonymus europaeus,MC 9104,51.4808,-0.2979,2020-09-08
Euonymus,Celastraceae,Celastrales,Angiosperms,Greater London,51.490777,-0.082497,Celastrales,Celastraceae,Euonymus,Euonymus europaeus,MC 9105,51.4808,-0.2979,2020-09-08
Ulmus,Ulmaceae,Rosales,Angiosperms,Greater London,51.490777,-0.082497,Rosales,Ulmaceae,Ulmus,Ulmus plotii,MC9232,51.4808,-0.2985,2021-07-20
Ulmus,Ulmaceae,Rosales,Angiosperms,Greater London,51.490777,-0.082497,Rosales,Ulmaceae,Ulmus,Ulmus minor,MC9192,51.4809,-0.2981,2021-05-17
Polygonum,Polygonaceae,Caryophyllales,Angiosperms,Surrey,51.271865,-0.372814,Caryophyllales,Polygonaceae,Polygonum,Polygonum aviculare,MC 9102,51.4812,-0.2936,2020-09-08
Sambucus,Adoxaceae,Dipsacales,Angiosperms,Greater London,51.490777,-0.082497,Dipsacales,Adoxaceae,Sambucus,Sambucus nigra,MC 9053,51.4812,-0.2998,2020-08-26
Parietaria,Urticaceae,Rosales,Angiosperms,Greater London,51.490777,-0.082497,Rosales,Urticaceae,Parietaria,Parietaria judaica,MC 9057,51.4812,-0.2998,2020-08-26
Suaeda,Amaranthaceae,Caryophyllales,Angiosperms,Surrey,51.271865,-0.372814,Caryophyllales,Chenopodiaceae,Suaeda,Suaeda vera,MC 9106,51.4815,-0.2896,2020-09-09
Erica,Ericaceae,Ericales,Angiosperms,Surrey,51.271865,-0.372814,Ericales,Ericaceae,Erica,Erica ciliaris,MC9080,51.4815,-0.2896,2021-07-26
Lysimachia,Primulaceae,Ericales,Angiosperms,Surrey,51.271865,-0.372814,Ericales,Primulaceae,Lysimachia,Lysimachia vulgaris,MC 9073,51.4815,-0.2896,2020-09-03
Comarum,Rosaceae,Rosales,Angiosperms,Surrey,51.271865,-0.372814,Rosales,Rosaceae,Comarum,Comarum palustre,MC 9074,51.4815,-0.2896,2020-09-03
Anemone,Ranunculaceae,Ranunculales,Angiosperms,Surrey,51.271865,-0.372814,Ranunculales,Ranunculaceae,Anemone,Anemone pulsatilla,MC 9075,51.4815,-0.2896,2020-09-03
Thymus,Lamiaceae,Lamiales,Angiosperms,Surrey,51.271865,-0.372814,Lamiales,Lamiaceae,Thymus,Thymus serpyllum,MC 9076,51.4815,-0.2896,2020-09-03
Geum,Rosaceae,Rosales,Angiosperms,Surrey,51.271865,-0.372814,Rosales,Rosaceae,Geum,Geum rivale,MC 9077,51.4815,-0.2896,2020-09-03
Helianthemum,Cistaceae,Malvales,Angiosperms,Surrey,51.271865,-0.372814,Malvales,Cistaceae,Helianthemum,Helianthemum apenninum,MC 9079,51.4815,-0.2896,2020-09-03
Erica,Ericaceae,Ericales,Angiosperms,Surrey,51.271865,-0.372814,Ericales,Ericaceae,Erica,Erica ciliaris,MC 9080,51.4815,-0.2896,2020-09-03
Veronica,Plantaginaceae,Lamiales,Angiosperms,Surrey,51.271865,-0.372814,Lamiales,Plantaginaceae,Veronica,Veronica spicata,MC 9081,51.4815,-0.2896,2020-09-03
Lathyrus,Fabaceae,Fabales,Angiosperms,Surrey,51.271865,-0.372814,Fabales,Fabaceae,Lathyrus,Lathyrus linifolius,MC 9083,51.4815,-0.2896,2020-09-03
Sarracenia,Sarraceniaceae,Ericales,Angiosperms,Surrey,51.271865,-0.372814,Ericales,Sarraceniaceae,Sarracenia,Sarracenia purpurea,MC 9084,51.4815,-0.2896,2020-09-03
Chaenorhinum,Plantaginaceae,Lamiales,Angiosperms,Surrey,51.271865,-0.372814,Lamiales,Plantaginaceae,Chaenorhinum,Chaenorhinum minus,MC 9043,51.4817,-0.2883,2020-08-13
Arabidopsis,Brassicaceae,Brassicales,Angiosperms,Surrey,51.271865,-0.372814,Brassicales,Brassicaceae,Arabidopsis,Arabidopsis thaliana,MC 9041,51.4819,-0.2887,2020-08-13
Chamaemelum,Asteraceae,Asterales,Angiosperms,Surrey,51.271865,-0.372814,Asterales,Asteraceae,Chamaemelum,Chamaemelum nobile,MC 9042,51.4819,-0.2887,2020-08-13
Daucus,Apiaceae,Apiales,Angiosperms,Greater London,51.490777,-0.082497,Apiales,Apiaceae,Daucus,Daucus carota,MC9054,51.4819,-0.2975,2021-07-26
Daucus,Apiaceae,Apiales,Angiosperms,Greater London,51.490777,-0.082497,Apiales,Apiaceae,Daucus,Daucus carota,MC 9054,51.4819,-0.2975,2020-08-26
,,,,Surrey,51.271865,-0.372814,,,,,,51.48196,-0.287753,
Geranium,Geraniaceae,Geraniales,Angiosperms,Surrey,51.271865,-0.372814,Geraniales,Geraniaceae,Geranium,Geranium robertianum,MC 9101,51.482,-0.2878,2020-09-08
Ailanthus,Simaroubaceae,Sapindales,Angiosperms,Surrey,51.271865,-0.372814,Sapindales,Simaroubaceae,Ailanthus,Ailanthus altissima,MC 9059,51.482,-0.2879,2020-08-27
Orobanche,Orobanchaceae,Lamiales,Angiosperms,Surrey,51.271865,-0.372814,Lamiales,Orobanchaceae,Orobanche,Orobanche hederae,MC 9002,51.4821,-0.2876,2020-08-04
Geranium,Geraniaceae,Geraniales,Angiosperms,Greater London,51.490777,-0.082497,Geraniales,Geraniaceae,Geranium,Geranium lucidum,MC9191,51.4822,-0.2979,2021-05-17
Nymphoides,Menyanthaceae,Asterales,Angiosperms,Surrey,51.271865,-0.372814,Asterales,Menyanthaceae,Nymphoides,Nymphoides peltata,MC 9066,51.4823,-0.2885,2020-09-01
,,,,Surrey,51.271865,-0.372814,,,,,,51.482304,-0.2881101,
Fumaria,Papaveraceae,Ranunculales,Angiosperms,Greater London,51.490777,-0.082497,Ranunculales,Papaveraceae,Fumaria,Fumaria muralis,MC9125,51.4824,-0.2975,2021-03-15
Senecio,Asteraceae,Asterales,Angiosperms,Greater London,51.490777,-0.082497,Asterales,Asteraceae,Senecio,Senecio vulgaris,MC9126,51.4824,-0.2975,2021-03-15
Cardamine,Brassicaceae,Brassicales,Angiosperms,Greater London,51.490777,-0.082497,Brassicales,Brassicaceae,Cardamine,Cardamine flexuosa,MC9127,51.4824,-0.2975,2021-03-15
Lamium,Lamiaceae,Lamiales,Angiosperms,Greater London,51.490777,-0.082497,Lamiales,Lamiaceae,Lamium,Lamium purpureum,MC9128,51.4824,-0.2975,2021-03-15
Cerastium,Caryophyllaceae,Caryophyllales,Angiosperms,Greater London,51.490777,-0.082497,Caryophyllales,Caryophyllaceae,Cerastium,Cerastium glomeratum,MC9129,51.4824,-0.2975,2021-03-15
Atriplex,Amaranthaceae,Caryophyllales,Angiosperms,Surrey,51.271865,-0.372814,Caryophyllales,Chenopodiaceae,Atriplex,Atriplex glabriuscula,SM47,51.4825,-0.2876,2021-09-07
Scutellaria,Lamiaceae,Lamiales,Angiosperms,Surrey,51.271865,-0.372814,Lamiales,Lamiaceae,Scutellaria,Scutellaria galericulata,SM 20,51.4825,-0.2877,2020-09-10
Scutellaria,Lamiaceae,Lamiales,Angiosperms,Surrey,51.271865,-0.372814,Lamiales,Lamiaceae,Scutellaria,Scutellaria minor,SM 21,51.4825,-0.2877,2020-09-10
Eupatorium,Asteraceae,Asterales,Angiosperms,Surrey,51.271865,-0.372814,Asterales,Asteraceae,Eupatorium,Eupatorium cannabinum,MC9025,51.4825,-0.2878,2021-08-17
Ballota,Lamiaceae,Lamiales,Angiosperms,Greater London,51.490777,-0.082497,Lamiales,Lamiaceae,Ballota,Ballota nigra,MC 9072,51.4826,-0.2972,2020-09-02
Malus,Rosaceae,Rosales,Angiosperms,Surrey,51.271865,-0.372814,Rosales,Rosaceae,Malus,Malus domestica,NOT APPLICABLE,51.48273,-0.2903,2021-04-26
Verbascum,Scrophulariaceae,Lamiales,Angiosperms,Greater London,51.490777,-0.082497,Lamiales,Scrophulariaceae,Verbascum,Verbascum nigrum,MC9291,51.4831,-0.2971,2021-08-23
Brassica,Brassicaceae,Brassicales,Angiosperms,Surrey,51.271865,-0.372814,Brassicales,Brassicaceae,Brassica,Brassica nigra,SM22,51.48319,-0.29304,2021-05-26
Capsella,Brassicaceae,Brassicales,Angiosperms,Surrey,51.271865,-0.372814,Brassicales,Brassicaceae,Capsella,Capsella bursa-pastoris,SM28,51.48319,-0.29304,2021-05-26
Lactuca,Asteraceae,Asterales,Angiosperms,Surrey,51.271865,-0.372814,Asterales,Asteraceae,Lactuca,Lactuca saligna,SM34,51.48319,-0.29304,2021-06-01
Prunella,Lamiaceae,Lamiales,Angiosperms,Surrey,51.271865,-0.372814,Lamiales,Lamiaceae,Prunella,Prunella vulgaris,SM35,51.48319,-0.29304,2021-06-02
Cichorium,Asteraceae,Asterales,Angiosperms,Surrey,51.271865,-0.372814,Asterales,Asteraceae,Cichorium,Cichorium intybus,SM36,51.48319,-0.29304,2021-06-02
Coincya,Brassicaceae,Brassicales,Angiosperms,Surrey,51.271865,-0.372814,Brassicales,Brassicaceae,Coincya,Coincya wrightii,SM37,51.48319,-0.29304,2021-06-02
Rumex,Polygonaceae,Caryophyllales,Angiosperms,Surrey,51.271865,-0.372814,Caryophyllales,Polygonaceae,Rumex,Rumex acetosa,SM38,51.48319,-0.29304,2021-06-02
Agrostemma,Caryophyllaceae,Caryophyllales,Angiosperms,Surrey,51.271865,-0.372814,Caryophyllales,Caryophyllaceae,Agrostemma,Agrostemma githago,SM32,51.48319,-0.29304,2021-06-02
Scabiosa,Caprifoliaceae,Dipsacales,Angiosperms,Surrey,51.271865,-0.372814,Dipsacales,Caprifoliaceae,Scabiosa,Scabiosa columbaria,SM33,51.48319,-0.29304,2021-06-02
Reseda,Resedaceae,Brassicales,Angiosperms,Surrey,51.271865,-0.372814,Brassicales,Resedaceae,Reseda,Reseda luteola,SM39,51.48319,-0.29304,2021-06-02
Oxyria,Polygonaceae,Caryophyllales,Angiosperms,Surrey,51.271865,-0.372814,Caryophyllales,Polygonaceae,Oxyria,Oxyria digyna,SM27,51.48319,-0.29304,2021-06-14
Trifolium,Fabaceae,Fabales,Angiosperms,Surrey,51.271865,-0.372814,Fabales,Fabaceae,Trifolium,Trifolium pratense,SM31,51.48319,-0.29304,2021-06-14
Montia,Montiaceae,Caryophyllales,Angiosperms,Surrey,51.271865,-0.372814,Caryophyllales,Montiaceae,Montia,Montia fontana,SM41,51.48319,-0.29304,2021-06-14
Digitalis,Plantaginaceae,Lamiales,Angiosperms,Surrey,51.271865,-0.372814,Lamiales,Plantaginaceae,Digitalis,Digitalis purpurea,SM30,51.48319,-0.29304,2021-06-15
Campanula,Campanulaceae,Asterales,Angiosperms,Surrey,51.271865,-0.372814,Asterales,Campanulaceae,Campanula,Campanula rotundifolia,SM43,51.48319,-0.29304,2021-06-30
Daphne,Thymelaeaceae,Malvales,Angiosperms,Surrey,51.271865,-0.372814,Malvales,Thymelaeaceae,Daphne,Daphne mezereum,MC9153,51.4833,-0.2947,2021-04-19
Senecio,Asteraceae,Asterales,Angiosperms,Greater London,51.490777,-0.082497,Asterales,Asteraceae,Senecio,Senecio squalidus,MC9313,51.4833,-0.2968,2022-04-05
Saxifraga,Saxifragaceae,Saxifragales,Angiosperms,Surrey,51.271865,-0.372814,Saxifragales,Saxifragaceae,Saxifraga,Saxifraga granulata,MC9154,51.4834,-0.291,2021-04-19
Lathraea,Orobanchaceae,Lamiales,Angiosperms,Surrey,51.271865,-0.372814,Lamiales,Orobanchaceae,Lathraea,Lathraea squamaria,MC9142,51.4837,-0.293,2021-04-06
Adoxa,Adoxaceae,Dipsacales,Angiosperms,Surrey,51.271865,-0.372814,Dipsacales,Adoxaceae,Adoxa,Adoxa moschatellina,MC9133,51.4838,-0.2955,2021-03-22
Aristolochia,Aristolochiaceae,Piperales,Angiosperms,Surrey,51.271865,-0.372814,Piperales,Aristolochiaceae,Aristolochia,Aristolochia clematitis,MC9233,51.4841,-0.2953,2021-07-20
Trifolium,Fabaceae,Fabales,Angiosperms,Surrey,51.271865,-0.372814,Fabales,Fabaceae,Trifolium,Trifolium subterraneum,MC9334,51.4845,-0.2906,2022-05-06
Malus,Rosaceae,Rosales,Angiosperms,Surrey,51.271865,-0.372814,Rosales,Rosaceae,Malus,Malus domestica,NOT APPLICABLE,51.48452,-0.29476,2021-04-26
,,,,Monmouthshire,,,,,,,,51.74159,-2.724257,
Lysimachia,Primulaceae,Ericales,Angiosperms,Berkshire,51.466427,-1.034214,Ericales,Primulaceae,Lysimachia,Lysimachia nummularia,IL6,51.75568,-1.34396,2022-07-05
Lotus,Fabaceae,Fabales,Angiosperms,Berkshire,51.466427,-1.034214,Fabales,Fabaceae,Lotus,Lotus pedunculatus,SM57,51.75568,-1.34396,2022-07-05
,,,,Berkshire,51.466427,-1.034214,,,,,,51.75788,-1.327776,
Quercus,Fagaceae,Fagales,Angiosperms,Berkshire,51.466427,-1.034214,Fagales,Fagaceae,Quercus,Quercus robur,QWW-39,51.758934,-1.325597,2022-04-21
,,,,Berkshire,51.466427,-1.034214,,,,,,51.75942,-1.330043,
,,,,Oxfordshire,51.796767,-1.283057,,,,,,51.759796,-1.29718,
,,,,Berkshire,51.466427,-1.034214,,,,,,51.759987,-1.330958,
Quercus,Fagaceae,Fagales,Angiosperms,Berkshire,51.466427,-1.034214,Fagales,Fagaceae,Quercus,Quercus robur,QWW-33,51.76039,-1.306202,2022-04-21
Quercus,Fagaceae,Fagales,Angiosperms,Berkshire,51.466427,-1.034214,Fagales,Fagaceae,Quercus,Quercus robur,QWW-41,51.761333,-1.333791,2022-04-21
,,,,Oxfordshire,51.796767,-1.283057,,,,,,51.761765,-1.299839,
,,,,Berkshire,51.466427,-1.034214,,,,,,51.762897,-1.340721,
Quercus,Fagaceae,Fagales,Angiosperms,Oxfordshire,51.796767,-1.283057,Fagales,Fagaceae,Quercus,Quercus robur,QWW-31,51.76295,-1.299969,2022-04-21
Quercus,Fagaceae,Fagales,Angiosperms,Berkshire,51.466427,-1.034214,Fagales,Fagaceae,Quercus,Quercus robur,MC9204,51.7631,-1.3392,2021-06-22
,,,,Berkshire,51.466427,-1.034214,,,,,,51.76311,-1.330479,
,,,,Berkshire,51.466427,-1.034214,,,,,,51.763138,-1.341505,
Lonicera,Caprifoliaceae,Dipsacales,Angiosperms,Berkshire,51.466427,-1.034214,Dipsacales,Caprifoliaceae,Lonicera,Lonicera periclymenum,MC9206,51.7635,-1.3391,2021-06-22
,,,,Berkshire,51.466427,-1.034214,,,,,,51.763596,-1.342987,
,,,,Berkshire,51.466427,-1.034214,,,,,,51.763706,-1.340764,
Corylus,Betulaceae,Fagales,Angiosperms,Berkshire,51.466427,-1.034214,Fagales,Betulaceae,Corylus,Corylus avellana,MC9203,51.764,-1.3367,2021-06-22
Quercus,Fagaceae,Fagales,Angiosperms,Berkshire,51.466427,-1.034214,Fagales,Fagaceae,Quercus,Quercus robur,QWW-13,51.76543,-1.337888,2022-04-22
Ribes,Grossulariaceae,Saxifragales,Angiosperms,Berkshire,51.466427,-1.034214,Saxifragales,Grossulariaceae,Ribes,Ribes rubrum,MC9167,51.7659,-1.311,2021-05-05
,,,,Berkshire,51.466427,-1.034214,,,,,,51.766945,-1.338611,
,,,,Berkshire,51.466427,-1.034214,,,,,,51.767693,-1.345036,
,,,,Berkshire,51.466427,-1.034214,,,,,,51.768208,-1.332222,
Rhamnus,Rhamnaceae,Rosales,Angiosperms,Berkshire,51.466427,-1.034214,Rosales,Rhamnaceae,Rhamnus,Rhamnus cathartica,MC9163,51.7689,-1.3389,2021-05-05
Cruciata,Rubiaceae,Gentianales,Angiosperms,Berkshire,51.466427,-1.034214,Gentianales,Rubiaceae,Cruciata,Cruciata laevipes,MC9164,51.7689,-1.3389,2021-05-05
Daphne,Thymelaeaceae,Malvales,Angiosperms,Berkshire,51.466427,-1.034214,Malvales,Thymelaeaceae,Daphne,Daphne laureola,MC9165,51.7689,-1.3389,2021-05-05
Quercus,Fagaceae,Fagales,Angiosperms,Berkshire,51.466427,-1.034214,Fagales,Fagaceae,Quercus,Quercus robur,QWW-06,51.768906,-1.340459,2022-04-23
Geranium,Geraniaceae,Geraniales,Angiosperms,Berkshire,51.466427,-1.034214,Geraniales,Geraniaceae,Geranium,Geranium columbinum,MC9207,51.7693,-1.3334,2021-06-22
Orobanche,Orobanchaceae,Lamiales,Angiosperms,Berkshire,51.466427,-1.034214,Lamiales,Orobanchaceae,Orobanche,Orobanche minor,MC9208,51.7693,-1.3334,2021-06-22
Malva,Malvaceae,Malvales,Angiosperms,Berkshire,51.466427,-1.034214,Malvales,Malvaceae,Malva,Malva moschata,MC9209,51.7696,-1.3326,2021-06-22
,,,,Berkshire,51.466427,-1.034214,,,,,,51.77001,-1.335447,
,,,,Berkshire,51.466427,-1.034214,,,,,,51.770145,-1.337757,
,,,,Berkshire,51.466427,-1.034214,,,,,,51.770226,-1.339544,
Astragalus,Fabaceae,Fabales,Angiosperms,Berkshire,51.466427,-1.034214,Fabales,Fabaceae,Astragalus,Astragalus glycyphyllos,MC9199,51.7704,-1.3388,2021-06-22
Viburnum,Adoxaceae,Dipsacales,Angiosperms,Berkshire,51.466427,-1.034214,Dipsacales,Adoxaceae,Viburnum,Viburnum lantana,MC9160,51.7706,-1.3385,2021-05-05
Polygala,Polygalaceae,Fabales,Angiosperms,Berkshire,51.466427,-1.034214,Fabales,Polygalaceae,Polygala,Polygala vulgaris,MC9198,51.7711,-1.3382,2021-06-22
,,,,Berkshire,51.466427,-1.034214,,,,,,51.771225,-1.335404,
Fagus,Fagaceae,Fagales,Angiosperms,Berkshire,51.466427,-1.034214,Fagales,Fagaceae,Fagus,Fagus sylvatica,MC9171,51.7718,-1.3376,2021-05-05
,,,,Berkshire,51.466427,-1.034214,,,,,,51.77198,-1.337365,
,,,,Berkshire,51.466427,-1.034214,,,,,,51.772438,-1.339283,
Crataegus,Rosaceae,Rosales,Angiosperms,Berkshire,51.466427,-1.034214,Rosales,Rosaceae,Crataegus,Crataegus laevigata,MC9159,51.7747,-1.3329,2021-05-05
,,,,Oxfordshire,51.796767,-1.283057,,,,,,51.777637,-1.341113,
Quercus,Fagaceae,Fagales,Angiosperms,Berkshire,51.466427,-1.034214,Fagales,Fagaceae,Quercus,Quercus robur,QWW-14,51.77807,-1.326294,2022-04-22
,,,,Oxfordshire,51.796767,-1.283057,,,,,,51.778446,-1.337103,
,,,,Oxfordshire,51.796767,-1.283057,,,,,,51.778526,-1.342072,
,,,,Oxfordshire,51.796767,-1.283057,,,,,,51.77893,-1.340285,
Quercus,Fagaceae,Fagales,Angiosperms,Berkshire,51.466427,-1.034214,Fagales,Fagaceae,Quercus,Quercus robur,QWW-19,51.779175,-1.334183,2022-04-22
,,,,Oxfordshire,51.796767,-1.283057,,,,,,51.779526,-1.339108,
,,,,Oxfordshire,51.796767,-1.283057,,,,,,51.77958,-1.337714,
Quercus,Fagaceae,Fagales,Angiosperms,Berkshire,51.466427,-1.034214,Fagales,Fagaceae,Quercus,Quercus robur,QWW-18,51.779606,-1.332396,2022-04-22
Quercus,Fagaceae,Fagales,Angiosperms,Berkshire,51.466427,-1.034214,Fagales,Fagaceae,Quercus,Quercus robur,QWW-15,51.77966,-1.325336,2022-04-22
,,,,Berkshire,51.466427,-1.034214,,,,,,51.77993,-1.334619,
,,,,Berkshire,51.466427,-1.034214,,,,,,51.78017,-1.331045,
,,,,Berkshire,51.466427,-1.034214,,,,,,51.78044,-1.328779,
,,,,Berkshire,51.466427,-1.034214,,,,,,51.781116,-1.334009,
,,,,Berkshire,51.466427,-1.034214,,,,,,51.78184,-1.331002,
,,,,Berkshire,51.466427,-1.034214,,,,,,51.782356,-1.333268,
Monotropa,Ericaceae,Ericales,Angiosperms,Oxfordshire,51.796767,-1.283057,Ericales,Ericaceae,Monotropa,Monotropa hypopitys,SM52,51.78791,-1.2343,2022-07-05
Jacobaea,Asteraceae,Asterales,Angiosperms,Oxfordshire,51.796767,-1.283057,Asterales,Asteraceae,Jacobaea,Jacobaea erucifolia,ARL1,51.78791,-1.29343,2022-07-05
Clinopodium,Lamiaceae,Lamiales,Angiosperms,Oxfordshire,51.796767,-1.283057,Lamiales,Lamiaceae,Clinopodium,Clinopodium vulgare,SM54,51.78791,-1.29343,2022-07-05
,,,,Oxfordshire,51.796767,-1.283057,,,,,,51.835114,-1.372229,
,,,,Oxfordshire,51.796767,-1.283057,,,,,,51.835663,-1.3706601,
,,,,Oxfordshire,51.796767,-1.283057,,,,,,51.835705,-1.373117,
,,,,Oxfordshire,51.796767,-1.283057,,,,,,51.839,-1.381141,
,,,,Oxfordshire,51.796767,-1.283057,,,,,,51.83982,-1.380898,
,,,,Oxfordshire,51.796767,-1.283057,,,,,,51.840427,-1.380983,
,,,,West Midlands,52.504005,-1.85679,,,,,,52.02059,-1.832804,
,,,,Cardiganshire,52.2749126414266,-4.02803162144715,,,,,,52.072914,-4.301634,
Malus,Rosaceae,Rosales,Angiosperms,Cambridgeshire,52.380141,0.024184,Rosales,Rosaceae,Malus,Malus domestica,FB07439890,52.1936,0.1273,2021-05-04
Malus,Rosaceae,Rosales,Angiosperms,Cambridgeshire,52.380141,0.024184,Rosales,Rosaceae,Malus,Malus domestica,FB07440007,52.1936,0.1273,2021-05-04
Malus,Rosaceae,Rosales,Angiosperms,Cambridgeshire,52.380141,0.024184,Rosales,Rosaceae,Malus,Malus domestica,FB07439877,52.1936,0.1273,2021-05-14
Malus,Rosaceae,Rosales,Angiosperms,Cambridgeshire,52.380141,0.024184,Rosales,Rosaceae,Malus,Malus domestica,FB07439860,52.2073,0.1178,2021-06-10
Nuphar,Nymphaeaceae,Nymphaeales,Angiosperms,Cambridgeshire,52.380141,0.024184,Nymphaeales,Nymphaeaceae,Nuphar,Nuphar lutea,MC9249,52.4171,-0.3532,2021-08-03
Nymphaea,Nymphaeaceae,Nymphaeales,Angiosperms,Cambridgeshire,52.380141,0.024184,Nymphaeales,Nymphaeaceae,Nymphaea,Nymphaea alba,MC9250,52.4171,-0.3532,2021-08-03
Tuberaria,Cistaceae,Malvales,Angiosperms,"",,,Malvales,Cistaceae,Tuberaria,Tuberaria guttata,MC9364,52.7902,-4.7549,2022-05-31
Malus,Rosaceae,Rosales,Angiosperms,Norfolk,52.669456,0.930932,Rosales,Rosaceae,Malus,Malus domestica,FB07439965,52.8107,0.632,2021-06-15
Sedum,Crassulaceae,Saxifragales,Angiosperms,Gwynedd,53.034484,-4.196014,Saxifragales,Crassulaceae,Sedum,Sedum anglicum,MC9252,52.9882,-4.4383,2021-08-12
Calystegia,Convolvulaceae,Solanales,Angiosperms,Gwynedd,53.034484,-4.196014,Solanales,Convolvulaceae,Calystegia,Calystegia soldanella,MC9260,52.9928,-4.4263,2021-08-12
Umbilicus,Crassulaceae,Saxifragales,Angiosperms,Gwynedd,53.034484,-4.196014,Saxifragales,Crassulaceae,Umbilicus,Umbilicus rupestris,MC9270,52.9928,-4.4263,2021-08-12
Helosciadium,Apiaceae,Apiales,Angiosperms,"",,,Apiales,Apiaceae,Helosciadium,Helosciadium nodiflorum,MC9268,52.9938,-4.4403,2021-08-12
Jasione,Campanulaceae,Asterales,Angiosperms,"",,,Asterales,Campanulaceae,Jasione,Jasione montana,MC9269,52.9938,-4.4403,2021-08-12
Samolus,Primulaceae,Ericales,Angiosperms,Gwynedd,53.034484,-4.196014,Ericales,Primulaceae,Samolus,Samolus valerandi,MC9267,52.994,-4.4406,2021-08-12
Torilis,Apiaceae,Apiales,Angiosperms,Gwynedd,53.034484,-4.196014,Apiales,Apiaceae,Torilis,Torilis japonica,MC9265,52.9961,-4.4302,2021-08-12
Glaucium,Papaveraceae,Ranunculales,Angiosperms,Gwynedd,53.034484,-4.196014,Ranunculales,Papaveraceae,Glaucium,Glaucium flavum,MC9271,52.9982,-4.422,2021-08-12
Reynoutria,Polygonaceae,Caryophyllales,Angiosperms,Gwynedd,53.034484,-4.196014,Caryophyllales,Polygonaceae,Reynoutria,Reynoutria japonica,MC 9047,52.9984,-4.4285,2020-08-21
Cakile,Brassicaceae,Brassicales,Angiosperms,Gwynedd,53.034484,-4.196014,Brassicales,Brassicaceae,Cakile,Cakile maritima,MC 9048,52.9985,-4.423,2020-08-21
Honckenya,Caryophyllaceae,Caryophyllales,Angiosperms,Gwynedd,53.034484,-4.196014,Caryophyllales,Caryophyllaceae,Honckenya,Honckenya peploides,MC 9049,52.9985,-4.423,2020-08-21
Crithmum,Apiaceae,Apiales,Angiosperms,"",,,Apiales,Apiaceae,Crithmum,Crithmum maritimum,MC9050,52.9993,-4.4234,2021-08-12
Crithmum,Apiaceae,Apiales,Angiosperms,"",,,Apiales,Apiaceae,Crithmum,Crithmum maritimum,MC 9050,52.9993,-4.4234,2020-08-21
Plantago,Plantaginaceae,Lamiales,Angiosperms,"",,,Lamiales,Plantaginaceae,Plantago,Plantago maritima,MC9266,52.9997,-4.428,2021-08-12
Lobelia,Campanulaceae,Asterales,Angiosperms,Gwynedd,53.034484,-4.196014,Asterales,Campanulaceae,Lobelia,Lobelia dortmanna,MC9251,53.0576,-4.1502,2021-08-12
,,,,Staffordshire,52.830902,-2.000507,,,,,,53.08045,-1.8017133,
Euphrasia,Orobanchaceae,Lamiales,Angiosperms,"",,,Lamiales,Orobanchaceae,Euphrasia,Euphrasia micrantha x Euphrasia scottica,E4E0018-4,53.119022,-8.024541,2015-06-01
Kali,,,,Gwynedd,53.034484,-4.196014,Caryophyllales,Chenopodiaceae,Kali,Kali turgidum,MC9254,53.1435,-4.3833,2021-08-12
Parnassia,Celastraceae,Celastrales,Angiosperms,Gwynedd,53.034484,-4.196014,Celastrales,Celastraceae,Parnassia,Parnassia palustris,MC8997,53.1471,-4.3641,2021-08-12
Pyrola,Ericaceae,Ericales,Angiosperms,Gwynedd,53.034484,-4.196014,Ericales,Ericaceae,Pyrola,Pyrola rotundifolia,MC9257,53.1471,-4.3641,2021-08-12
,,,,Gwynedd,53.034484,-4.196014,,,,,,53.15342,-4.3638387,
Plantago,Plantaginaceae,Lamiales,Angiosperms,Cheshire,53.226962,-2.576147,Lamiales,Plantaginaceae,Plantago,Plantago lanceolata,CC434_5685,53.27264,-3.04628,2021-07-14
Lotus,Fabaceae,Fabales,Angiosperms,Cheshire,53.226962,-2.576147,Fabales,Fabaceae,Lotus,Lotus corniculatus,EZ_56_2050,53.27264,-3.04628,2021-07-14
Sanguisorba,Rosaceae,Rosales,Angiosperms,Cheshire,53.226962,-2.576147,Rosales,Rosaceae,Sanguisorba,Sanguisorba minor,IF950_5775,53.27264,-3.04628,2021-07-14
Scabiosa,Caprifoliaceae,Dipsacales,Angiosperms,Cheshire,53.226962,-2.576147,Dipsacales,Caprifoliaceae,Scabiosa,Scabiosa columbaria,IQ_993_5528,53.27264,-3.04628,2021-07-15
Helianthemum,Cistaceae,Malvales,Angiosperms,Cheshire,53.226962,-2.576147,Malvales,Cistaceae,Helianthemum,Helianthemum nummularium,XO891_5349,53.27264,-3.04628,2021-07-15
Campanula,Campanulaceae,Asterales,Angiosperms,Cheshire,53.226962,-2.576147,Asterales,Campanulaceae,Campanula,Campanula rotundifolia,CW1_6014,53.27264,-3.04628,2021-07-14
Succisa,Caprifoliaceae,Dipsacales,Angiosperms,Cheshire,53.226962,-2.576147,Dipsacales,Caprifoliaceae,Succisa,Succisa pratensis,DZ_394_6068,53.27264,-3.04628,2021-07-15
Thymus,Lamiaceae,Lamiales,Angiosperms,Cheshire,53.226962,-2.576147,Lamiales,Lamiaceae,Thymus,Thymus drucei,IO145_4019,53.27264,-3.04628,2021-07-15
Potentilla,Rosaceae,Rosales,Angiosperms,Cheshire,53.226962,-2.576147,Rosales,Rosaceae,Potentilla,Potentilla erecta,DA576_4003,53.27264,-3.04628,2021-07-15
,,,,South Lancashire,,,,,,,,53.540615,-3.0904117,
Euphrasia,Orobanchaceae,Lamiales,Angiosperms,Westmorland,,,Lamiales,Orobanchaceae,Euphrasia,Euphrasia frigida,E4E0148-4,54.455173,-2.8683448,2015-06-01
,,,,Cumberland,,,,,,,,54.45991,-3.2152338,
,,,,Westmorland,,,,,,,,54.501465,-3.006297,
,,,,Westmorland,,,,,,,,54.503838,-3.0021858,
Primula,Primulaceae,Ericales,Angiosperms,North-west Yorkshire,,,Ericales,Primulaceae,Primula,Primula farinosa,DMR189,54.649868,-2.2365537,2022-05-17
Sabulina,Caryophyllaceae,Caryophyllales,Angiosperms,North-west Yorkshire,,,Caryophyllales,Caryophyllaceae,Sabulina,Sabulina verna,DMR191,54.649895,-2.2369723,2022-05-17
,,,,North-west Yorkshire,,,,,,,,54.65003,-2.2369885,
Euphrasia,Orobanchaceae,Lamiales,Angiosperms,County Durham,,,Lamiales,Orobanchaceae,Euphrasia,Euphrasia nemorosa,E4E0043-6,54.84181,-1.6034673,2015-06-01
,,,,Dumfries and Galloway,55.012952,-4.118686,,,,,,54.992085,-4.513329,
,,,,Dumfries and Galloway,55.012952,-4.118686,,,,,,54.992897,-4.51945,
,,,,Dumfries and Galloway,55.012952,-4.118686,,,,,,54.993847,-4.519773,
,,,,Dumfries and Galloway,55.012952,-4.118686,,,,,,54.99452,-4.519365,
,,,,Dumfries and Galloway,55.012952,-4.118686,,,,,,55.01349,-4.523126,
,,,,Dumfries and Galloway,55.012952,-4.118686,,,,,,55.014893,-4.52593,
,,,,Dumfries and Galloway,55.012952,-4.118686,,,,,,55.015347,-4.522689,
,,,,Dumfries and Galloway,55.012952,-4.118686,,,,,,55.01551,-4.524291,
,,,,Dumfries and Galloway,55.012952,-4.118686,,,,,,55.052246,-4.0882277,
,,,,Dumfries and Galloway,55.012952,-4.118686,,,,,,55.053127,-4.085408,
,,,,Dumfries and Galloway,55.012952,-4.118686,,,,,,55.053593,-4.0843887,
,,,,Dumfries and Galloway,55.012952,-4.118686,,,,,,55.05376,-4.0820613,
,,,,Dumfries and Galloway,55.012952,-4.118686,,,,,,55.053932,-4.0867815,
,,,,Dumfries and Galloway,55.012952,-4.118686,,,,,,55.158577,-4.2193804,
,,,,Dumfries and Galloway,55.012952,-4.118686,,,,,,55.408882,-3.340901,
Trilophozia,Lophoziaceae,Undeter_peristomate_moss,Bryophytes,Dumfries and Galloway,55.012952,-4.118686,Jungermanniales,Lophoziaceae,Trilophozia,Trilophozia quinquedentata,DBELL1461,55.410084,-3.350214,2020-10-16
Apopellia,,,Bryophytes,Dumfries and Galloway,55.012952,-4.118686,Pelliales,Pelliaceae,Apopellia,Apopellia endiviifolia,DBELL1518,55.415295,-3.343835,2021-04-22
Mesoptychia,Mesoptychiaceae,Undeter_peristomate_moss,Bryophytes,Dumfries and Galloway,55.012952,-4.118686,Jungermanniales,Jungermanniaceae,Mesoptychia,Mesoptychia bantriensis,DBELL1517,55.415295,-3.343835,2021-04-22
Mimulus,Phrymaceae,Lamiales,Angiosperms,Lanarkshire,55.6208266010381,-3.81479389639492,Lamiales,Phrymaceae,Mimulus,Mimulus peregrinus,P553-3,55.42366,-3.73493,2022-03-14
,,,,Dumfries and Galloway,55.012952,-4.118686,,,,,,55.432915,-3.3069377,
,,,,Dumfries and Galloway,55.012952,-4.118686,,,,,,55.433224,-3.3176157,
,,,,Peeblesshire,55.564137,-2.746408,,,,,,55.443054,-3.3529723,
,,,,Peeblesshire,55.564137,-2.746408,,,,,,55.444054,-3.36026,
,,,,Peeblesshire,55.564137,-2.746408,,,,,,55.461567,-3.369404,
,,,,Peeblesshire,55.564137,-2.746408,,,,,,55.461853,-3.374239,
,,,,Peeblesshire,55.564137,-2.746408,,,,,,55.462223,-3.374236,
Anastrepta,Anastrophyllaceae,Undeter_peristomate_moss,Bryophytes,Peeblesshire,55.564137,-2.746408,Jungermanniales,Anastrophyllaceae,Anastrepta,Anastrepta orcadensis,DBELL1527,55.462543,-3.371257,2021-05-07
Nardia,Jungermanniaceae,Undetermined_liverwort_order,Bryophytes,Peeblesshire,55.564137,-2.746408,Jungermanniales,Gymnomitriaceae,Nardia,Nardia scalaris,DBELL1526,55.462543,-3.371257,2021-05-07
,,,,Peeblesshire,55.564137,-2.746408,,,,,,55.468124,-3.371388,
,,,,Peeblesshire,55.564137,-2.746408,,,,,,55.468235,-3.372515,
Conocephalum,Conocephalaceae,Undetermined_liverwort_order,Bryophytes,Peeblesshire,55.564137,-2.746408,Marchantiales,Conocephalaceae,Conocephalum,Conocephalum salebrosum,DBELL1496,55.468254,-3.371756,2021-03-12
,,,,Peeblesshire,55.564137,-2.746408,,,,,,55.468433,-3.370845,
,,,,Lanarkshire,55.6208266010381,-3.81479389639492,,,,,,55.483215,-3.606557,
,,,,Peeblesshire,55.564137,-2.746408,,,,,,55.599445,-3.3211112,
,,,,Peeblesshire,55.564137,-2.746408,,,,,,55.599724,-3.3211112,
,,,,Peeblesshire,55.564137,-2.746408,,,,,,55.600307,-3.319263,
,,,,Peeblesshire,55.564137,-2.746408,,,,,,55.600864,-3.321536,
,,,,Peeblesshire,55.564137,-2.746408,,,,,,55.601112,-3.3177779,
,,,,Peeblesshire,55.564137,-2.746408,,,,,,55.60278,-3.3225,
,,,,Peeblesshire,55.564137,-2.746408,,,,,,55.603054,-3.3180556,
,,,,Peeblesshire,55.564137,-2.746408,,,,,,55.63047,-3.2913969,
Erythranthe,,,,Berwickshire,55.564137,-2.746408,Lamiales,Phrymaceae,Erythranthe,Erythranthe lutea,P554-3,55.65495,-2.240085,2022-03-14
,,,,Ayrshire,55.4264281662581,-4.46947284867619,,,,,,55.658504,-4.6772184,
,,,,Peeblesshire,55.564137,-2.746408,,,,,,55.691677,-3.213138,
,,,,Peeblesshire,55.564137,-2.746408,,,,,,55.725185,-3.205271,
,,,,Peeblesshire,55.564137,-2.746408,,,,,,55.727962,-3.205433,
,,,,Lanarkshire,55.6208266010381,-3.81479389639492,,,,,,55.728844,-3.8781128,
,,,,Berwickshire,55.564137,-2.746408,,,,,,55.740288,-2.631136,
,,,,Berwickshire,55.564137,-2.746408,,,,,,55.740562,-2.633195,
,,,,Berwickshire,55.564137,-2.746408,,,,,,55.743355,-2.630054,
,,,,Berwickshire,55.564137,-2.746408,,,,,,55.74354,-2.630392,
,,,,Berwickshire,55.564137,-2.746408,,,,,,55.744923,-2.633154,
,,,,Berwickshire,55.564137,-2.746408,,,,,,55.745506,-2.622187,
,,,,Berwickshire,55.564137,-2.746408,,,,,,55.745796,-2.62165,
,,,,Clyde Islands,55.6679612234998,-5.22680889514217,,,,,,55.75514,-5.042078,
,,,,Clyde Islands,55.6679612234998,-5.22680889514217,,,,,,55.756035,-5.042148,
,,,,Peeblesshire,55.564137,-2.746408,,,,,,55.757263,-3.243831,
,,,,Berwickshire,55.564137,-2.746408,,,,,,55.76187,-2.2454941,
,,,,Berwickshire,55.564137,-2.746408,,,,,,55.767685,-2.2121565,
,,,,Midlothian,55.907982,-3.087434,,,,,,55.8225,-3.239013,
,,,,Midlothian,55.907982,-3.087434,,,,,,55.823463,-3.202267,
Daphne,Thymelaeaceae,Malvales,Angiosperms,Midlothian,55.907982,-3.087434,Malvales,Thymelaeaceae,Daphne,Daphne laureola,DMR8,55.82852,-3.005614,2021-04-29
,,,,Midlothian,55.907982,-3.087434,,,,,,55.832546,-3.034489,
,,,,Midlothian,55.907982,-3.087434,,,,,,55.833195,-3.0336416,
,,,,Midlothian,55.907982,-3.087434,,,,,,55.833244,-3.0345972,
,,,,Clyde Islands,55.6679612234998,-5.22680889514217,,,,,,55.83658,-5.1283126,
,,,,Midlothian,55.907982,-3.087434,,,,,,55.83824,-3.0346925,
,,,,Midlothian,55.907982,-3.087434,,,,,,55.8408,-3.0593843,
Aegopodium,Apiaceae,Apiales,Angiosperms,Midlothian,55.907982,-3.087434,Apiales,Apiaceae,Aegopodium,Aegopodium podagraria,DMR172,55.840824,-3.0354638,2022-04-24
,,,,Midlothian,55.907982,-3.087434,,,,,,55.84093,-3.0608094,
,,,,Midlothian,55.907982,-3.087434,,,,,,55.84108,-3.0684304,
,,,,Midlothian,55.907982,-3.087434,,,,,,55.8418,-3.0620625,
,,,,Midlothian,55.907982,-3.087434,,,,,,55.84208,-3.063236,
Cardamine,Brassicaceae,Brassicales,Angiosperms,Midlothian,55.907982,-3.087434,Brassicales,Brassicaceae,Cardamine,Cardamine hirsuta,DMR158,55.84297,-3.03663,2022-03-21
Malus,Rosaceae,Rosales,Angiosperms,Midlothian,55.907982,-3.087434,Rosales,Rosaceae,Malus,Malus domestica,MyBRAE,55.84297,-3.03663,2021-06-03
Angelica,Apiaceae,Apiales,Angiosperms,Midlothian,55.907982,-3.087434,Apiales,Apiaceae,Angelica,Angelica archangelica,DMR42,55.84297,-3.03663,2021-06-11
Trifolium,Fabaceae,Fabales,Angiosperms,Midlothian,55.907982,-3.087434,Fabales,Fabaceae,Trifolium,Trifolium dubium,DMR116,55.84297,-3.03663,2021-08-11
,,,,Midlothian,55.907982,-3.087434,,,,,,55.843174,-3.06943,
,,,,Midlothian,55.907982,-3.087434,,,,,,55.848232,-3.124976,
Medicago,Fabaceae,Fabales,Angiosperms,Midlothian,55.907982,-3.087434,Fabales,Fabaceae,Medicago,Medicago lupulina,DMR90,55.849033,-3.0261946,2021-07-30
Sonchus,Asteraceae,Asterales,Angiosperms,Midlothian,55.907982,-3.087434,Asterales,Asteraceae,Sonchus,Sonchus asper,DMR105,55.849033,-3.0262585,2021-08-06
,,,,Midlothian,55.907982,-3.087434,,,,,,55.85218,-3.161574,
,,,,Midlothian,55.907982,-3.087434,,,,,,55.853085,-3.161601,
Betula,Betulaceae,Fagales,Angiosperms,Midlothian,55.907982,-3.087434,Fagales,Betulaceae,Betula,Betula pubescens,DMR7,55.85342,-3.162611,2021-04-28
,,,,Midlothian,55.907982,-3.087434,,,,,,55.85348,-3.1634657,
,,,,Midlothian,55.907982,-3.087434,,,,,,55.853615,-3.1628628,
,,,,Midlothian,55.907982,-3.087434,,,,,,55.85364,-3.1635344,
,,,,Midlothian,55.907982,-3.087434,,,,,,55.854324,-2.986606,
Ranunculus,Ranunculaceae,Ranunculales,Angiosperms,Midlothian,55.907982,-3.087434,Ranunculales,Ranunculaceae,Ranunculus,Ranunculus repens,DMR200,55.854385,-2.9871187,2022-05-23
,,,,Midlothian,55.907982,-3.087434,,,,,,55.854816,-2.986203,
,,,,Midlothian,55.907982,-3.087434,,,,,,55.854877,-2.990454,
Ribes,Grossulariaceae,Saxifragales,Angiosperms,Midlothian,55.907982,-3.087434,Saxifragales,Grossulariaceae,Ribes,Ribes rubrum,DMR4,55.85515,-2.987308,2021-04-27
,,,,Midlothian,55.907982,-3.087434,,,,,,55.8553,-3.1556284,
Angelica,Apiaceae,Apiales,Angiosperms,Midlothian,55.907982,-3.087434,Apiales,Apiaceae,Angelica,Angelica sylvestris,DMR95,55.855453,-2.9860914,2021-07-30
,,,,Midlothian,55.907982,-3.087434,,,,,,55.855556,-3.1533334,
,,,,Midlothian,55.907982,-3.087434,,,,,,55.855923,-2.9860873,
,,,,Midlothian,55.907982,-3.087434,,,,,,55.856575,-3.1520417,
,,,,Midlothian,55.907982,-3.087434,,,,,,55.85659,-2.988804,
,,,,Midlothian,55.907982,-3.087434,,,,,,55.85661,-2.989747,
,,,,Midlothian,55.907982,-3.087434,,,,,,55.857224,-3.1516666,
Juglans,Juglandaceae,Fagales,Angiosperms,Midlothian,55.907982,-3.087434,Fagales,Juglandaceae,Juglans,Juglans regia,DMR26,55.85728,-2.99525,2021-06-03
Potentilla,Rosaceae,Rosales,Angiosperms,Midlothian,55.907982,-3.087434,Rosales,Rosaceae,Potentilla,Potentilla sterilis,DMR160,55.857533,-2.9878535,2022-04-04
Vinca,Apocynaceae,Gentianales,Angiosperms,Midlothian,55.907982,-3.087434,Gentianales,Apocynaceae,Vinca,Vinca minor,DMR1,55.85763,-2.995792,2021-06-11
,,,,Midlothian,55.907982,-3.087434,,,,,,55.85799,-2.9866989,
,,,,Midlothian,55.907982,-3.087434,,,,,,55.858356,-2.9868839,
Aesculus,Sapindaceae,Sapindales,Angiosperms,Midlothian,55.907982,-3.087434,Sapindales,Sapindaceae,Aesculus,Aesculus hippocastanum,DMR2,55.85879,-2.990978,2021-04-27
,,,,Midlothian,55.907982,-3.087434,,,,,,55.859238,-2.990453,
,,,,Midlothian,55.907982,-3.087434,,,,,,55.85965,-3.1977925,
,,,,Midlothian,55.907982,-3.087434,,,,,,55.859695,-2.9857676,
,,,,Midlothian,55.907982,-3.087434,,,,,,55.860016,-2.987581,
,,,,Midlothian,55.907982,-3.087434,,,,,,55.861977,-2.9907942,
,,,,Midlothian,55.907982,-3.087434,,,,,,55.863167,-2.9910963,
,,,,Berwickshire,55.564137,-2.746408,,,,,,55.86326,-2.299126,
,,,,Midlothian,55.907982,-3.087434,,,,,,55.863262,-2.9912584,
,,,,Midlothian,55.907982,-3.087434,,,,,,55.86364,-2.9925303,
,,,,Midlothian,55.907982,-3.087434,,,,,,55.863766,-2.9938757,
,,,,Midlothian,55.907982,-3.087434,,,,,,55.86396,-2.9928262,
,,,,Midlothian,55.907982,-3.087434,,,,,,55.86404,-2.9931955,
Sanicula,Apiaceae,Apiales,Angiosperms,Midlothian,55.907982,-3.087434,Apiales,Apiaceae,Sanicula,Sanicula europaea,DMR100,55.864056,-2.9945862,2021-08-02
Galium,Rubiaceae,Gentianales,Angiosperms,Midlothian,55.907982,-3.087434,Gentianales,Rubiaceae,Galium,Galium odoratum,DMR101,55.864056,-2.9945862,2021-08-02
,,,,Midlothian,55.907982,-3.087434,,,,,,55.86438,-2.9945943,
,,,,Midlothian,55.907982,-3.087434,,,,,,55.86439,-2.9952018,
,,,,Midlothian,55.907982,-3.087434,,,,,,55.866936,-3.3155658,
,,,,Berwickshire,55.564137,-2.746408,,,,,,55.87334,-2.0820704,
,,,,Midlothian,55.907982,-3.087434,,,,,,55.896946,-3.1032917,
Malus,Rosaceae,Rosales,Angiosperms,East Lothian,55.9459201493332,-2.72697188954985,Rosales,Rosaceae,Malus,Malus sylvestris,BOL1,55.906696,-2.7976513,2021-04-29
,,,,East Lothian,55.9459201493332,-2.72697188954985,,,,,,55.908024,-2.7968469,
,,,,East Lothian,55.9459201493332,-2.72697188954985,,,,,,55.908066,-2.7968156,
,,,,East Lothian,55.9459201493332,-2.72697188954985,,,,,,55.908474,-2.7965522,
,,,,East Lothian,55.9459201493332,-2.72697188954985,,,,,,55.909573,-2.795791,
,,,,East Lothian,55.9459201493332,-2.72697188954985,,,,,,55.909622,-2.7980633,
,,,,East Lothian,55.9459201493332,-2.72697188954985,,,,,,55.914734,-2.9592297,
Malus,Rosaceae,Rosales,Angiosperms,East Lothian,55.9459201493332,-2.72697188954985,Rosales,Rosaceae,Malus,Malus sylvestris,ORM1,55.91792,-2.940256,2021-04-29
,,,,Midlothian,55.907982,-3.087434,,,,,,55.918793,-3.1866872,
,,,,Midlothian,55.907982,-3.087434,,,,,,55.919003,-3.1833496,
,,,,Midlothian,55.907982,-3.087434,,,,,,55.919132,-3.1829374,
,,,,Midlothian,55.907982,-3.087434,,,,,,55.91957,-3.1840389,
,,,,Midlothian,55.907982,-3.087434,,,,,,55.923237,-3.1888394,
,,,,Midlothian,55.907982,-3.087434,,,,,,55.92498,-3.1961105,
,,,,Midlothian,55.907982,-3.087434,,,,,,55.93832,-3.153153,
,,,,East Lothian,55.9459201493332,-2.72697188954985,,,,,,55.939747,-2.6335301,
,,,,East Lothian,55.9459201493332,-2.72697188954985,,,,,,55.940845,-2.634973,
,,,,East Lothian,55.9459201493332,-2.72697188954985,,,,,,55.94122,-2.635371,
,,,,East Lothian,55.9459201493332,-2.72697188954985,,,,,,55.941425,-2.635625,
,,,,East Lothian,55.9459201493332,-2.72697188954985,,,,,,55.94151,-2.635752,
,,,,East Lothian,55.9459201493332,-2.72697188954985,,,,,,55.941605,-2.635838,
,,,,East Lothian,55.9459201493332,-2.72697188954985,,,,,,55.941795,-2.636018,
,,,,East Lothian,55.9459201493332,-2.72697188954985,,,,,,55.941917,-2.636177,
,,,,East Lothian,55.9459201493332,-2.72697188954985,,,,,,55.942707,-2.637146,
,,,,"",,,,,,,,55.95042,-3.1235821,
,,,,Midlothian,55.907982,-3.087434,,,,,,55.963806,-3.2053418,
,,,,Midlothian,55.907982,-3.087434,,,,,,55.964092,-3.202813,
Hedera,Araliaceae,Apiales,Angiosperms,Midlothian,55.907982,-3.087434,Apiales,Araliaceae,Hedera,Hedera helix,DBELL1481,55.964226,-3.20208,2020-11-23
Erica,Ericaceae,Ericales,Angiosperms,Midlothian,55.907982,-3.087434,Ericales,Ericaceae,Erica,Erica cinerea,DMR89,55.964363,-3.2046146,2021-07-14
Valerianella,Caprifoliaceae,Dipsacales,Angiosperms,Midlothian,55.907982,-3.087434,Dipsacales,Caprifoliaceae,Valerianella,Valerianella locusta,DMR177,55.964397,-3.2047598,2022-04-27
,,,,Midlothian,55.907982,-3.087434,,,,,,55.964397,-3.2046638,
,,,,Midlothian,55.907982,-3.087434,,,,,,55.96446,-3.2047458,
,,,,Midlothian,55.907982,-3.087434,,,,,,55.96523,-3.2091668,
Malus,Rosaceae,Rosales,Angiosperms,Midlothian,55.907982,-3.087434,Rosales,Rosaceae,Malus,Malus domestica,AD01,55.966667,-3.211389,2021-04-16
Malus,Rosaceae,Rosales,Angiosperms,Midlothian,55.907982,-3.087434,Rosales,Rosaceae,Malus,Malus domestica,AD02,55.966667,-3.211389,2021-04-16
Malus,Rosaceae,Rosales,Angiosperms,Midlothian,55.907982,-3.087434,Rosales,Rosaceae,Malus,Malus domestica,AD03,55.966667,-3.211389,2021-04-16
Malus,Rosaceae,Rosales,Angiosperms,Midlothian,55.907982,-3.087434,Rosales,Rosaceae,Malus,Malus domestica,AD04,55.966667,-3.211389,2021-05-04
Malus,Rosaceae,Rosales,Angiosperms,Midlothian,55.907982,-3.087434,Rosales,Rosaceae,Malus,Malus domestica,AD05,55.966667,-3.211389,2021-05-04
Malus,Rosaceae,Rosales,Angiosperms,Midlothian,55.907982,-3.087434,Rosales,Rosaceae,Malus,Malus domestica,AD06,55.966667,-3.211389,2021-05-04
Malus,Rosaceae,Rosales,Angiosperms,Midlothian,55.907982,-3.087434,Rosales,Rosaceae,Malus,Malus domestica,AD07,55.966667,-3.211389,2021-05-04
Malus,Rosaceae,Rosales,Angiosperms,Midlothian,55.907982,-3.087434,Rosales,Rosaceae,Malus,Malus domestica,AD08,55.966667,-3.211389,2021-05-05
Malus,Rosaceae,Rosales,Angiosperms,Midlothian,55.907982,-3.087434,Rosales,Rosaceae,Malus,Malus domestica,AD09,55.966667,-3.211389,2021-05-05
Malus,Rosaceae,Rosales,Angiosperms,Midlothian,55.907982,-3.087434,Rosales,Rosaceae,Malus,Malus domestica,AD10,55.966667,-3.211389,2021-05-05
Malus,Rosaceae,Rosales,Angiosperms,Midlothian,55.907982,-3.087434,Rosales,Rosaceae,Malus,Malus domestica,AD11,55.966667,-3.211389,2021-05-05
Malus,Rosaceae,Rosales,Angiosperms,Midlothian,55.907982,-3.087434,Rosales,Rosaceae,Malus,Malus domestica,AD12,55.966667,-3.211389,2021-05-05
Malus,Rosaceae,Rosales,Angiosperms,Midlothian,55.907982,-3.087434,Rosales,Rosaceae,Malus,Malus domestica,AD13,55.966667,-3.211389,2021-05-05
Malus,Rosaceae,Rosales,Angiosperms,Midlothian,55.907982,-3.087434,Rosales,Rosaceae,Malus,Malus domestica,AD14,55.966667,-3.211389,2021-05-05
Malus,Rosaceae,Rosales,Angiosperms,Midlothian,55.907982,-3.087434,Rosales,Rosaceae,Malus,Malus domestica,AD15,55.966667,-3.211389,2021-05-07
Malus,Rosaceae,Rosales,Angiosperms,Midlothian,55.907982,-3.087434,Rosales,Rosaceae,Malus,Malus domestica,AD16,55.966667,-3.211389,2021-05-07
Malus,Rosaceae,Rosales,Angiosperms,Midlothian,55.907982,-3.087434,Rosales,Rosaceae,Malus,Malus domestica,AD17,55.966667,-3.211389,2021-05-07
Malus,Rosaceae,Rosales,Angiosperms,Midlothian,55.907982,-3.087434,Rosales,Rosaceae,Malus,Malus domestica,AD18,55.966667,-3.211389,2021-05-07
Malus,Rosaceae,Rosales,Angiosperms,Midlothian,55.907982,-3.087434,Rosales,Rosaceae,Malus,Malus domestica,AD19,55.966667,-3.211389,2021-05-07
Malus,Rosaceae,Rosales,Angiosperms,Midlothian,55.907982,-3.087434,Rosales,Rosaceae,Malus,Malus domestica,AD20,55.966667,-3.211389,2021-05-07
Malus,Rosaceae,Rosales,Angiosperms,Midlothian,55.907982,-3.087434,Rosales,Rosaceae,Malus,Malus domestica,AD21,55.966667,-3.211389,2021-05-07
Malus,Rosaceae,Rosales,Angiosperms,Midlothian,55.907982,-3.087434,Rosales,Rosaceae,Malus,Malus domestica,AD22,55.966667,-3.211389,2021-05-07
Malus,Rosaceae,Rosales,Angiosperms,Midlothian,55.907982,-3.087434,Rosales,Rosaceae,Malus,Malus domestica,AD23,55.966667,-3.211389,2021-05-07
Malus,Rosaceae,Rosales,Angiosperms,Midlothian,55.907982,-3.087434,Rosales,Rosaceae,Malus,Malus domestica,AD24,55.966667,-3.211389,2021-05-07
Malus,Rosaceae,Rosales,Angiosperms,Midlothian,55.907982,-3.087434,Rosales,Rosaceae,Malus,Malus domestica,AD25,55.966667,-3.211389,2021-05-07
,,,,Midlothian,55.907982,-3.087434,,,,,,55.967186,-3.2098389,
,,,,East Lothian,55.9459201493332,-2.72697188954985,,,,,,55.988464,-2.8975942,
,,,,East Lothian,55.9459201493332,-2.72697188954985,,,,,,55.988495,-2.897098,
,,,,East Lothian,55.9459201493332,-2.72697188954985,,,,,,56.008137,-2.7442834,
,,,,East Lothian,55.9459201493332,-2.72697188954985,,,,,,56.008904,-2.8350718,
,,,,East Lothian,55.9459201493332,-2.72697188954985,,,,,,56.012184,-2.65449,
,,,,East Lothian,55.9459201493332,-2.72697188954985,,,,,,56.01257,-2.8522809,
,,,,East Lothian,55.9459201493332,-2.72697188954985,,,,,,56.014233,-2.8496387,
,,,,East Lothian,55.9459201493332,-2.72697188954985,,,,,,56.01438,-2.849947,
,,,,East Lothian,55.9459201493332,-2.72697188954985,,,,,,56.0144,-2.8497548,
,,,,East Lothian,55.9459201493332,-2.72697188954985,,,,,,56.014446,-2.849836,
Suaeda,Amaranthaceae,Caryophyllales,Angiosperms,East Lothian,55.9459201493332,-2.72697188954985,Caryophyllales,Chenopodiaceae,Suaeda,Suaeda maritima,DMR146,56.015163,-2.8501565,2021-09-05
,,,,East Lothian,55.9459201493332,-2.72697188954985,,,,,,56.015877,-2.8499315,
,,,,East Lothian,55.9459201493332,-2.72697188954985,,,,,,56.016113,-2.8530807,
,,,,East Lothian,55.9459201493332,-2.72697188954985,,,,,,56.016125,-2.8528564,
,,,,East Lothian,55.9459201493332,-2.72697188954985,,,,,,56.0208,-2.840382,
,,,,East Lothian,55.9459201493332,-2.72697188954985,,,,,,56.021034,-2.8405955,
Utricularia,Lentibulariaceae,Lamiales,Angiosperms,East Lothian,55.9459201493332,-2.72697188954985,Lamiales,Lentibulariaceae,Utricularia,Utricularia vulgaris,DMR5,56.02184,-2.857214,2021-04-27
,,,,East Lothian,55.9459201493332,-2.72697188954985,,,,,,56.02347,-2.8572378,
,,,,East Lothian,55.9459201493332,-2.72697188954985,,,,,,56.0235,-2.8428793,
Cerastium,Caryophyllaceae,Caryophyllales,Angiosperms,East Lothian,55.9459201493332,-2.72697188954985,Caryophyllales,Caryophyllaceae,Cerastium,Cerastium arvense,DMR175,56.023808,-2.8435278,2022-04-26
,,,,East Lothian,55.9459201493332,-2.72697188954985,,,,,,56.02391,-2.8427598,
,,,,East Lothian,55.9459201493332,-2.72697188954985,,,,,,56.02392,-2.857296,
,,,,East Lothian,55.9459201493332,-2.72697188954985,,,,,,56.025093,-2.8718743,
,,,,East Lothian,55.9459201493332,-2.72697188954985,,,,,,56.025913,-2.8598273,
,,,,East Lothian,55.9459201493332,-2.72697188954985,,,,,,56.026863,-2.8627365,
,,,,East Lothian,55.9459201493332,-2.72697188954985,,,,,,56.02714,-2.8694496,
,,,,East Lothian,55.9459201493332,-2.72697188954985,,,,,,56.02718,-2.867525,
,,,,East Lothian,55.9459201493332,-2.72697188954985,,,,,,56.027214,-2.869387,
Atriplex,Amaranthaceae,Caryophyllales,Angiosperms,"",,,Caryophyllales,Chenopodiaceae,Atriplex,Atriplex littoralis,DMR126,56.035156,-2.8655534,2021-08-18
Tripleurospermum,Asteraceae,Asterales,Angiosperms,East Lothian,55.9459201493332,-2.72697188954985,Asterales,Asteraceae,Tripleurospermum,Tripleurospermum maritimum,DMR148,56.036945,-2.864149,2021-09-05
,,,,East Lothian,55.9459201493332,-2.72697188954985,,,,,,56.03764,-2.8558187,
Ligusticum,Apiaceae,Apiales,Angiosperms,East Lothian,55.9459201493332,-2.72697188954985,Apiales,Apiaceae,Ligusticum,Ligusticum scoticum,DMR57,56.03768,-2.855306,2021-06-21
,,,,"",,,,,,,,56.047886,-2.8332329,
Euphrasia,Orobanchaceae,Lamiales,Angiosperms,East Lothian,55.9459201493332,-2.72697188954985,Lamiales,Orobanchaceae,Euphrasia,Euphrasia arctica,BER-1,56.057022,-2.706443,2019-09-14
,,,,"",,,,,,,,56.060856,-2.6897988,
,,,,Stirlingshire,56.1163859338532,-4.01043694455425,,,,,,56.08499,-4.5749936,
,,,,Dunbartonshire,55.9754724859029,-4.52182476753669,,,,,,56.106567,-4.6089244,
,,,,Dunbartonshire,55.9754724859029,-4.52182476753669,,,,,,56.15796,-4.672966,
,,,,Dunbartonshire,55.9754724859029,-4.52182476753669,,,,,,56.161045,-4.67157,
,,,,Perthshire,56.3840067264711,-4.08191189462402,,,,,,56.16958,-3.6715195,
,,,,Perthshire,56.3840067264711,-4.08191189462402,,,,,,56.174458,-4.372416,
,,,,Perthshire,56.3840067264711,-4.08191189462402,,,,,,56.17545,-4.369464,
,,,,Perthshire,56.3840067264711,-4.08191189462402,,,,,,56.176537,-4.3714,
,,,,Fifeshire,,,,,,,,56.176838,-3.3790977,
,,,,Perthshire,56.3840067264711,-4.08191189462402,,,,,,56.1779,-4.278015,
,,,,Perthshire,56.3840067264711,-4.08191189462402,,,,,,56.187035,-3.965042,
,,,,Stirlingshire,56.1163859338532,-4.01043694455425,,,,,,56.24588,-4.6861634,
,,,,Stirlingshire,56.1163859338532,-4.01043694455425,,,,,,56.248825,-4.6852236,
,,,,Perthshire,56.3840067264711,-4.08191189462402,,,,,,56.26666,-4.422704,
,,,,Perthshire,56.3840067264711,-4.08191189462402,,,,,,56.343616,-4.707631,
,,,,Perthshire,56.3840067264711,-4.08191189462402,,,,,,56.343796,-4.7078056,
,,,,Perthshire,56.3840067264711,-4.08191189462402,,,,,,56.3724,-4.2655997,
,,,,Perthshire,56.3840067264711,-4.08191189462402,,,,,,56.471138,-4.314098,
,,,,Perthshire,56.3840067264711,-4.08191189462402,,,,,,56.522095,-4.275242,
,,,,Perthshire,56.3840067264711,-4.08191189462402,,,,,,56.52222,-4.276111,
Silene,Caryophyllaceae,Caryophyllales,Angiosperms,Perthshire,56.3840067264711,-4.08191189462402,Caryophyllales,Caryophyllaceae,Silene,Silene acaulis,DMR50,56.522392,-4.275162,2021-06-16
,,,,Perthshire,56.3840067264711,-4.08191189462402,,,,,,56.525555,-4.282778,
,,,,Perthshire,56.3840067264711,-4.08191189462402,,,,,,56.52722,-4.2855554,
,,,,Perthshire,56.3840067264711,-4.08191189462402,,,,,,56.52722,-4.2858334,
,,,,Perthshire,56.3840067264711,-4.08191189462402,,,,,,56.536797,-4.2889237,
Bistorta,Polygonaceae,Caryophyllales,Angiosperms,Perthshire,56.3840067264711,-4.08191189462402,Caryophyllales,Polygonaceae,Bistorta,Bistorta vivipara,DMR70,56.539185,-4.289979,2021-06-29
,,,,Perthshire,56.3840067264711,-4.08191189462402,,,,,,56.540096,-4.2878704,
,,,,Perthshire,56.3840067264711,-4.08191189462402,,,,,,56.541595,-4.2246356,
,,,,Perthshire,56.3840067264711,-4.08191189462402,,,,,,56.542828,-4.226562,
Lysimachia,Primulaceae,Ericales,Angiosperms,Argyll and Bute,56.1747549181417,-5.33102352680561,Ericales,Primulaceae,Lysimachia,Lysimachia nemorum,DMR25,56.55812,-5.25415,2021-06-02
,,,,Perthshire,56.3840067264711,-4.08191189462402,,,,,,56.58865,-3.6297088,
,,,,Argyll and Bute,56.1747549181417,-5.33102352680561,,,,,,56.64263,-5.013828,
,,,,Perthshire,56.3840067264711,-4.08191189462402,,,,,,56.643627,-3.724058,
,,,,Perthshire,56.3840067264711,-4.08191189462402,,,,,,56.645744,-3.6994624,
,,,,Perthshire,56.3840067264711,-4.08191189462402,,,,,,56.645935,-3.7631989,
,,,,Perthshire,56.3840067264711,-4.08191189462402,,,,,,56.64941,-3.8015058,
Malus,Rosaceae,Rosales,Angiosperms,Perthshire,56.3840067264711,-4.08191189462402,Rosales,Rosaceae,Malus,Malus sylvestris,M5,56.64971,-3.8026128,2016-05-05
,,,,Perthshire,56.3840067264711,-4.08191189462402,,,,,,56.652267,-4.0104127,
,,,,Argyll and Bute,56.1747549181417,-5.33102352680561,,,,,,56.655426,-4.9931936,
,,,,Argyll and Bute,56.1747549181417,-5.33102352680561,,,,,,56.657562,-4.989234,
,,,,Argyll and Bute,56.1747549181417,-5.33102352680561,,,,,,56.661346,-5.073299,
,,,,Perthshire,56.3840067264711,-4.08191189462402,,,,,,56.662148,-3.772949,
,,,,Perthshire,56.3840067264711,-4.08191189462402,,,,,,56.66476,-3.7745368,
,,,,Perthshire,56.3840067264711,-4.08191189462402,,,,,,56.669125,-3.6902502,
,,,,Perthshire,56.3840067264711,-4.08191189462402,,,,,,56.68997,-4.3323298,
,,,,Perthshire,56.3840067264711,-4.08191189462402,,,,,,56.691784,-4.3882966,
,,,,Perthshire,56.3840067264711,-4.08191189462402,,,,,,56.705547,-3.7692711,
,,,,Perthshire,56.3840067264711,-4.08191189462402,,,,,,56.71635,-3.9125192,
Malus,Rosaceae,Rosales,Angiosperms,Perthshire,56.3840067264711,-4.08191189462402,Rosales,Rosaceae,Malus,Malus sylvestris,M41,56.717518,-3.935946,2021-05-26
,,,,Perthshire,56.3840067264711,-4.08191189462402,,,,,,56.71767,-3.902961,
,,,,Perthshire,56.3840067264711,-4.08191189462402,,,,,,56.727688,-3.8217247,
,,,,Perthshire,56.3840067264711,-4.08191189462402,,,,,,56.740845,-3.7704153,
,,,,Perthshire,56.3840067264711,-4.08191189462402,,,,,,56.743416,-3.772253,
,,,,Perthshire,56.3840067264711,-4.08191189462402,,,,,,56.761497,-3.8492599,
,,,,Perthshire,56.3840067264711,-4.08191189462402,,,,,,56.761906,-3.8502614,
,,,,Perthshire,56.3840067264711,-4.08191189462402,,,,,,56.76226,-3.850666,
,,,,Perthshire,56.3840067264711,-4.08191189462402,,,,,,56.76233,-3.85199,
,,,,Perthshire,56.3840067264711,-4.08191189462402,,,,,,56.76238,-3.850992,
,,,,Perthshire,56.3840067264711,-4.08191189462402,,,,,,56.763485,-3.85666,
,,,,Perthshire,56.3840067264711,-4.08191189462402,,,,,,56.764473,-3.862198,
,,,,Perthshire,56.3840067264711,-4.08191189462402,,,,,,56.764507,-3.9188943,
,,,,Perthshire,56.3840067264711,-4.08191189462402,,,,,,56.764904,-3.859336,
,,,,Perthshire,56.3840067264711,-4.08191189462402,,,,,,56.765717,-3.947546,
,,,,Inverness-shire,57.2152315356251,-4.70406899911151,,,,,,56.88984,-5.4700837,
,,,,Inverness-shire,57.2152315356251,-4.70406899911151,,,,,,56.89615,-5.4607167,
Kalmia,Ericaceae,Ericales,Angiosperms,Inverness-shire,57.2152315356251,-4.70406899911151,Ericales,Ericaceae,Kalmia,Kalmia procumbens,DMR23,56.89666,-5.46025,2021-06-01
,,,,West Ross & Cromarty,,,,,,,,57.152718,-5.220977,
,,,,East Inverness-shire,,,,,,,,57.17648,-4.796109,
,,,,East Inverness-shire,,,,,,,,57.178333,-4.795291,
,,,,"",,,,,,,,57.21648,-6.0229416,
,,,,North Aberdeenshire,,,,,,,,57.343582,-1.950148,
,,,,East Ross & Cromarty,,,,,,,,57.545666,-5.126367,
,,,,East Ross & Cromarty,,,,,,,,57.571766,-5.216621,
,,,,East Ross & Cromarty,,,,,,,,57.572926,-5.214464,
,,,,East Ross & Cromarty,,,,,,,,57.584435,-4.31098,
,,,,West Ross & Cromarty,,,,,,,,57.601868,-5.393736,
,,,,West Ross & Cromarty,,,,,,,,57.602318,-5.395502,
,,,,West Ross & Cromarty,,,,,,,,57.60436,-5.3517523,
,,,,West Ross & Cromarty,,,,,,,,57.604935,-5.3583703,
,,,,West Ross & Cromarty,,,,,,,,57.606064,-5.388182,
,,,,East Ross & Cromarty,,,,,,,,57.69432,-4.784465,
,,,,West Ross & Cromarty,,,,,,,,57.819084,-5.1710935,
,,,,West Ross & Cromarty,,,,,,,,57.827774,-5.175901,
,,,,West Sutherland,,,,,,,,58.342777,-5.149936,
,,,,"",,,,,,,,59.138157,-3.3120427,
,,,,"",,,,,,,,59.513855,-1.650254,
Erythranthe,,,,Zetland,,,Lamiales,Phrymaceae,Erythranthe,Erythranthe guttata,10-QUA-65-1,60.10456,-1.2268,2022-03-14
Euphrasia,Orobanchaceae,Lamiales,Angiosperms,Zetland,,,Lamiales,Orobanchaceae,Euphrasia,Euphrasia marshallii x Euphrasia micrantha,E4E0099-3,60.132645,-2.053932,2015-06-01
