genus,family,order,group,county,county_lat,county_lon,id,taxon_name,collector_name,collector_number,collection_location,longitude_decimal,latitude_decimal,collection_date_verbatim
Euphrasia,Orobanchaceae,Lamiales,Angiosperms,Shetland Islands,59.921060375706,-1.29521038503245,60093,Euphrasia foulaensis,Alex Twyford,FIH098-1,"Shetland Islands, South Lighthouse, Fair Isle",-1.650253991,59.51385501,01/09/2019
Euphrasia,Orobanchaceae,Lamiales,Angiosperms,East Lothian,55.9459201493332,-2.72697188954985,60094,Euphrasia arctica,Alex Twyford,BER-1,"East Lothian, North Berwick Golf Course",-2.706443,56.057022,14/09/2019
Euphrasia,Orobanchaceae,Lamiales,Angiosperms,Hampshire,50.997248,-1.328988,60095,Euphrasia confusa,Alex Twyford,WHP-1,"Hampshire, Whitten Pond, New Forest",-1.715972,50.811333,10/09/2019
Euphrasia,Orobanchaceae,Lamiales,Angiosperms,Devon,50.720015,-3.803525,60096,Euphrasia anglica,Alex Twyford,BED-1,"Devon, Bedford Bridge, Dartmoor",-4.113306,50.5135,10/09/2019
Prunella,Lamiaceae,Lamiales,Angiosperms,City of Edinburgh,55.9409962118208,-3.19572693194092,60097,Prunella vulgaris,"Zoe Goodwin, David Bell",1917,"City of Edinburgh, Royal Botanic Garden Edinburgh, Inverleith",-3.20916667,55.9652278,31/08/2020
Fraxinus,Oleaceae,Lamiales,Angiosperms,City of Edinburgh,55.9409962118208,-3.19572693194092,60098,Fraxinus excelsior,"Zoe Goodwin, David Bell",1918,"City of Edinburgh, Royal Botanic Garden Edinburgh, Inverleith",-3.20916667,55.9652278,31/08/2020
Sorbus,Rosaceae,Rosales,Angiosperms,City of Edinburgh,55.9409962118208,-3.19572693194092,60099,Sorbus aucuparia,"Zoe Goodwin, David Bell",1909,"City of Edinburgh, Royal Botanic Garden Edinburgh, Inverleith",-3.20916667,55.9652278,13/08/2020
Frangula,Rhamnaceae,Rosales,Angiosperms,City of Edinburgh,55.9409962118208,-3.19572693194092,60100,Frangula alnus,"Zoe Goodwin, David Bell",1894,"City of Edinburgh, Royal Botanic Garden Edinburgh, Inverleith",-3.20916667,55.9652278,11/08/2020
Ulmus,Ulmaceae,Rosales,Angiosperms,City of Edinburgh,55.9409962118208,-3.19572693194092,60101,Ulmus glabra,"Zoe Goodwin, David Bell",1897,"City of Edinburgh, Royal Botanic Garden Edinburgh, Inverleith",-3.20916667,55.9652278,11/08/2020
Cicerbita,Asteraceae,Asterales,Angiosperms,City of Edinburgh,55.9409962118208,-3.19572693194092,60102,Cicerbita alpina,"Zoe Goodwin, David Bell",1907,"City of Edinburgh, Royal Botanic Garden Edinburgh, Inverleith",-3.20916667,55.9652278,13/08/2020
Luzula,Juncaceae,Poales,Angiosperms,City of Edinburgh,55.9409962118208,-3.19572693194092,60103,Luzula sylvatica,"Zoe Goodwin, David Bell",1900,"City of Edinburgh, Royal Botanic Garden Edinburgh, Inverleith",-3.20916667,55.9652278,12/08/2020
Alnus,Betulaceae,Fagales,Angiosperms,City of Edinburgh,55.9409962118208,-3.19572693194092,60104,Alnus glutinosa,"Zoe Goodwin, David Bell",1898,"City of Edinburgh, Royal Botanic Garden Edinburgh, Inverleith",-3.20916667,55.9652278,12/08/2020
Melampyrum,Orobanchaceae,Lamiales,Angiosperms,City of Edinburgh,55.9409962118208,-3.19572693194092,60105,Melampyrum sylvaticum,"Zoe Goodwin, David Bell",1908,"City of Edinburgh, Royal Botanic Garden Edinburgh, Inverleith",-3.20916667,55.9652278,13/08/2020
Quercus,Fagaceae,Fagales,Angiosperms,City of Edinburgh,55.9409962118208,-3.19572693194092,60106,Quercus petraea,"Zoe Goodwin, David Bell",1902,"City of Edinburgh, Royal Botanic Garden Edinburgh, Inverleith",-3.20916667,55.9652278,12/08/2020
Succisa,Caprifoliaceae,Dipsacales,Angiosperms,City of Edinburgh,55.9409962118208,-3.19572693194092,60107,Succisa pratensis,"Zoe Goodwin, David Bell",1903,"City of Edinburgh, Royal Botanic Garden Edinburgh, Inverleith",-3.20916667,55.9652278,13/08/2020
Taxus,Taxaceae,Pinales,Gymnosperms,City of Edinburgh,55.9409962118208,-3.19572693194092,60108,Taxus baccata,"Zoe Goodwin, David Bell",1895,"City of Edinburgh, Royal Botanic Garden Edinburgh, Inverleith",-3.20916667,55.9652278,11/08/2020
Lathyrus,Fabaceae,Fabales,Angiosperms,City of Edinburgh,55.9409962118208,-3.19572693194092,60109,Lathyrus japonicus,"Zoe Goodwin, David Bell",1905,"City of Edinburgh, Royal Botanic Garden Edinburgh, Inverleith",-3.20916667,55.9652278,13/08/2020
Linnaea,Caprifoliaceae,Dipsacales,Angiosperms,City of Edinburgh,55.9409962118208,-3.19572693194092,60110,Linnaea borealis,"Zoe Goodwin, David Bell",1906,"City of Edinburgh, Royal Botanic Garden Edinburgh, Inverleith",-3.20916667,55.9652278,13/08/2020
Ligustrum,Oleaceae,Lamiales,Angiosperms,City of Edinburgh,55.9409962118208,-3.19572693194092,60111,Ligustrum vulgare,"Zoe Goodwin, David Bell",1893,"City of Edinburgh, Royal Botanic Garden Edinburgh, Inverleith",-3.20916667,55.9652278,11/08/2020
Plantago,Plantaginaceae,Lamiales,Angiosperms,City of Edinburgh,55.9409962118208,-3.19572693194092,60112,Plantago lanceolata,"Zoe Goodwin, David Bell",1899,"City of Edinburgh, Royal Botanic Garden Edinburgh, Inverleith",-3.20916667,55.9652278,12/08/2020
Cornus,Cornaceae,Cornales,Angiosperms,City of Edinburgh,55.9409962118208,-3.19572693194092,60113,Cornus sanguinea,"Zoe Goodwin, David Bell",1901,"City of Edinburgh, Royal Botanic Garden Edinburgh, Inverleith",-3.20916667,55.9652278,12/08/2020
Erodium,Geraniaceae,Geraniales,Angiosperms,City of Edinburgh,55.9409962118208,-3.19572693194092,60114,Erodium maritimum,"Zoe Goodwin, David Bell",1904,"City of Edinburgh, Royal Botanic Garden Edinburgh, Inverleith",-3.20916667,55.9652278,13/08/2020
Helianthemum,Cistaceae,Malvales,Angiosperms,City of Edinburgh,55.9409962118208,-3.19572693194092,60115,Helianthemum nummularium,Zoe Goodwin,1880,"City of Edinburgh, Royal Botanic Garden Edinburgh, Inverleith",-3.20916667,55.9652278,07/08/2020
Saxifraga,Saxifragaceae,Saxifragales,Angiosperms,City of Edinburgh,55.9409962118208,-3.19572693194092,60116,Saxifraga oppositifolia,Zoe Goodwin,1881,"City of Edinburgh, Royal Botanic Garden Edinburgh, Inverleith",-3.20916667,55.9652278,07/08/2020
Iris,Iridaceae,Asparagales,Angiosperms,City of Edinburgh,55.9409962118208,-3.19572693194092,60117,Iris pseudacorus,Zoe Goodwin,1877,"City of Edinburgh, Royal Botanic Garden Edinburgh, Inverleith",-3.20916667,55.9652278,06/08/2020
Hippophae,Elaeagnaceae,Rosales,Angiosperms,City of Edinburgh,55.9409962118208,-3.19572693194092,60118,Hippophae rhamnoides,Zoe Goodwin,1873,"City of Edinburgh, Royal Botanic Garden Edinburgh, Inverleith",-3.20916667,55.9652278,06/08/2020
Calluna,Ericaceae,Ericales,Angiosperms,City of Edinburgh,55.9409962118208,-3.19572693194092,60119,Calluna vulgaris,Zoe Goodwin,1892,"City of Edinburgh, Royal Botanic Garden Edinburgh, Inverleith",-3.20916667,55.9652278,07/08/2020
Salix,Salicaceae,Malpighiales,Angiosperms,City of Edinburgh,55.9409962118208,-3.19572693194092,60120,Salix lanata,Zoe Goodwin,1889,"City of Edinburgh, Royal Botanic Garden Edinburgh, Inverleith",-3.20916667,55.9652278,07/08/2020
Armeria,Plumbaginaceae,Caryophyllales,Angiosperms,City of Edinburgh,55.9409962118208,-3.19572693194092,60121,Armeria maritima,Zoe Goodwin,1882,"City of Edinburgh, Royal Botanic Garden Edinburgh, Inverleith",-3.20916667,55.9652278,07/08/2020
Danthonia,Poaceae,Poales,Angiosperms,City of Edinburgh,55.9409962118208,-3.19572693194092,60122,Danthonia decumbens,Zoe Goodwin,1883,"City of Edinburgh, Royal Botanic Garden Edinburgh, Inverleith",-3.20916667,55.9652278,07/08/2020
Briza,Poaceae,Poales,Angiosperms,City of Edinburgh,55.9409962118208,-3.19572693194092,60123,Briza media,Zoe Goodwin,1885,"City of Edinburgh, Royal Botanic Garden Edinburgh, Inverleith",-3.20916667,55.9652278,07/08/2020
Juniperus,Cupressaceae,Pinales,Gymnosperms,City of Edinburgh,55.9409962118208,-3.19572693194092,60124,Juniperus communis,Zoe Goodwin,1886,"City of Edinburgh, Royal Botanic Garden Edinburgh, Inverleith",-3.20916667,55.9652278,07/08/2020
Myrica,Myricaceae,Fagales,Angiosperms,City of Edinburgh,55.9409962118208,-3.19572693194092,60125,Myrica gale,Zoe Goodwin,1878,"City of Edinburgh, Royal Botanic Garden Edinburgh, Inverleith",-3.20916667,55.9652278,06/08/2020
Trollius,Ranunculaceae,Ranunculales,Angiosperms,City of Edinburgh,55.9409962118208,-3.19572693194092,60126,Trollius europaeus,Zoe Goodwin,1888,"City of Edinburgh, Royal Botanic Garden Edinburgh, Inverleith",-3.20916667,55.9652278,07/08/2020
Dianthus,Caryophyllaceae,Caryophyllales,Angiosperms,City of Edinburgh,55.9409962118208,-3.19572693194092,60127,Dianthus deltoides,Zoe Goodwin,1874,"City of Edinburgh, Royal Botanic Garden Edinburgh, Inverleith",-3.20916667,55.9652278,06/08/2020
Pinus,Pinaceae,Pinales,Gymnosperms,City of Edinburgh,55.9409962118208,-3.19572693194092,60128,Pinus sylvestris,Zoe Goodwin,1876,"City of Edinburgh, Royal Botanic Garden Edinburgh, Inverleith",-3.20916667,55.9652278,06/08/2020
Oxalis,Oxalidaceae,Oxalidales,Angiosperms,City of Edinburgh,55.9409962118208,-3.19572693194092,60129,Oxalis acetosella,Zoe Goodwin,1879,"City of Edinburgh, Royal Botanic Garden Edinburgh, Inverleith",-3.20916667,55.9652278,06/08/2020
Betula,Betulaceae,Fagales,Angiosperms,City of Edinburgh,55.9409962118208,-3.19572693194092,60130,Betula nana,Zoe Goodwin,1891,"City of Edinburgh, Royal Botanic Garden Edinburgh, Inverleith",-3.20916667,55.9652278,07/08/2020
Juncus,Juncaceae,Poales,Angiosperms,Greater London,51.490777,-0.082497,60131,Juncus effusus,Maarten J. M. Christenhusz,MC 9018,"Greater London, Kingston upon Thames, Canbury Gardens, between Lower Ham Road and the Thames",-0.3051,51.4207,06/08/2020
Verbena,Verbenaceae,Lamiales,Angiosperms,Greater London,51.490777,-0.082497,60132,Verbena officinalis,Maarten J. M. Christenhusz,MC 9017,"Greater London, Kingston upon Thames, Canbury Gardens, between Lower Ham Road and the Thames",-0.3051,51.4207,06/08/2020
Ailanthus,Simaroubaceae,Sapindales,Angiosperms,Greater London,51.490777,-0.082497,60133,Ailanthus altissima,Maarten J. M. Christenhusz,MC 9059,"Greater London, RBG Kew, Jodrell Gate, growing in pavement near the Jodrell Laboratory",-0.2879,51.482,27/08/2020
Lycopus,Lamiaceae,Lamiales,Angiosperms,Greater London,51.490777,-0.082497,60134,Lycopus europaeus,Maarten J. M. Christenhusz,MC 9016,"Greater London, Kingston upon Thames, Canbury Gardens, between Lower Ham Road and the Thames",-0.3051,51.4207,06/08/2020
Lythrum,Lythraceae,Myrtales,Angiosperms,Greater London,51.490777,-0.082497,60135,Lythrum salicaria,Maarten J. M. Christenhusz,MC 9015,"Greater London, Kingston upon Thames, Canbury Gardens, between Lower Ham Road and the Thames",-0.3051,51.4207,06/08/2020
Vicia,Fabaceae,Fabales,Angiosperms,Greater London,51.490777,-0.082497,60136,Vicia cracca,Maarten J. M. Christenhusz,MC 9033,"Greater London, Kingston upon Thames, Canbury Gardens, between Lower Ham Road and the Thames",-0.3051,51.4212,12/08/2020
Solanum,Solanaceae,Solanales,Angiosperms,Greater London,51.490777,-0.082497,60137,Solanum dulcamara,Maarten J. M. Christenhusz,MC 9032,"Greater London, Kingston upon Thames, Canbury Gardens, between Lower Ham Road and the Thames",-0.3051,51.4212,12/08/2020
Fallopia,Polygonaceae,Caryophyllales,Angiosperms,Greater London,51.490777,-0.082497,60138,Fallopia convolvulus,Maarten J. M. Christenhusz,MC 9031,"Greater London, Kingston upon Thames, Canbury Gardens, weed in the rose beds",-0.3044,51.4192,12/08/2020
Calystegia,Convolvulaceae,Solanales,Angiosperms,Greater London,51.490777,-0.082497,60139,Calystegia sepium,Maarten J. M. Christenhusz,MC 9014,"Greater London, Kingston upon Thames, Canbury Gardens, between Lower Ham Road and the Thames.",-0.3051,51.4207,06/08/2020
Persicaria,Polygonaceae,Caryophyllales,Angiosperms,Greater London,51.490777,-0.082497,60140,Persicaria maculosa,Maarten J. M. Christenhusz,MC 9013,"Greater London, Kingston upon Thames, Canbury Gardens, between Lower Ham Road and the Thames.",-0.3051,51.4207,06/08/2020
Urtica,Urticaceae,Rosales,Angiosperms,Greater London,51.490777,-0.082497,60141,Urtica dioica,Maarten J. M. Christenhusz,MC 9012,"Greater London, RBG Kew, Queen Charlotte's cottage, on a wood pile.",-0.3035,51.4725,05/08/2020
Holcus,Poaceae,Poales,Angiosperms,Greater London,51.490777,-0.082497,60142,Holcus mollis,Maarten J. M. Christenhusz,MC 9010,"Greater London, RBG Kew, weed in Rosaceae bed 437",-0.2959,51.4729,05/08/2020
Urtica,Urticaceae,Rosales,Angiosperms,Greater London,51.490777,-0.082497,60143,Urtica urens,Maarten J. M. Christenhusz,MC 9011,"Greater London, RBG Kew, Queen Charlotte's cottage, on a wood pile.",-0.3035,51.4725,05/08/2020
Fumaria,Papaveraceae,Ranunculales,Angiosperms,Greater London,51.490777,-0.082497,60144,Fumaria officinalis,Maarten J. M. Christenhusz,MC 9008,"Greater London, RBG Kew, Queen Charlotte's cottage, on a wood pile.",-0.3035,51.4725,05/08/2020
Papaver,Papaveraceae,Ranunculales,Angiosperms,Greater London,51.490777,-0.082497,60145,Papaver dubium,Maarten J. M. Christenhusz,MC 9007,"Greater London, RBG Kew, lawn behind Temperate House",-0.2955,51.475,05/08/2020
Euphorbia,Euphorbiaceae,Malpighiales,Angiosperms,Greater London,51.490777,-0.082497,60146,Euphorbia peplus,Maarten J. M. Christenhusz,MC 9009,"Greater London, RBG Kew, weed in Rosaceae bed 437",-0.2959,51.4729,05/08/2020
Atropa,Solanaceae,Solanales,Angiosperms,Greater London,51.490777,-0.082497,60147,Atropa belladonna,Maarten J. M. Christenhusz,MC 9006,"Greater London, Kingston upon Thames, Tenrec Hall, 200 Richmond Road",-0.3018,51.4208,05/08/2020
Circaea,Onagraceae,Myrtales,Angiosperms,Greater London,51.490777,-0.082497,60148,Circaea lutetiana,Maarten J. M. Christenhusz,MC 9005,"Greater London, RBG Kew, weed in woodland garden",-0.2898,51.4805,04/08/2020
Impatiens,Balsaminaceae,Ericales,Angiosperms,Greater London,51.490777,-0.082497,60149,Impatiens noli-tangere,Maarten J. M. Christenhusz,MC 9004,"Greater London, RBG Kew, weed in woodland garden",-0.2898,51.4805,04/08/2020
Euphorbia,Euphorbiaceae,Malpighiales,Angiosperms,Greater London,51.490777,-0.082497,60150,Euphorbia lathyris,Maarten J. M. Christenhusz,MC 9003,"Greater London, RBG Kew, weed in Queen's Garden",-0.2957,51.4841,04/08/2020
Orobanche,Orobanchaceae,Lamiales,Angiosperms,Greater London,51.490777,-0.082497,60151,Orobanche hederae,Maarten J. M. Christenhusz,MC 9002,"Greater London, RBG Kew, behind Jodrell bike shed, growing on ivy",-0.2876,51.4821,04/08/2020
Ononis,Fabaceae,Fabales,Angiosperms,Kent,51.259187,0.72614,60152,Ononis repens,Maarten J. M. Christenhusz,MC 9001,"Kent, Dover",1.3412,51.1313,04/08/2020
Brassica,Brassicaceae,Brassicales,Angiosperms,Kent,51.259187,0.72614,60153,Brassica oleracea,Maarten J. M. Christenhusz,MC 9000,"Kent, Dover",1.3412,51.1313,04/08/2020
Borago,Boraginaceae,Boraginales,Angiosperms,Greater London,51.490777,-0.082497,60154,Borago officinalis,Maarten J. M. Christenhusz,MC 9020,"Greater London, Kingston upon Thames, Wolsey Drive, Tudor Allotment Association.",-0.3003,51.4262,06/08/2020
Crithmum,Apiaceae,Apiales,Angiosperms,Gwynedd,53.034484,-4.196014,60155,Crithmum maritimum,Maarten J. M. Christenhusz,MC 9050,"Gwynedd, Wales, Trefor, at the pier",-4.4234,52.9993,21/08/2020
Arctium,Asteraceae,Asterales,Angiosperms,Greater London,51.490777,-0.082497,60156,Arctium minus,Maarten J. M. Christenhusz,MC 9019,"Greater London, Kingston upon Thames, Canbury Gardens, between Lower Ham Road and the Thames.",-0.3051,51.4207,06/08/2020
Onobrychis,Fabaceae,Fabales,Angiosperms,Greater London,51.490777,-0.082497,60157,Onobrychis viciifolia,Maarten J. M. Christenhusz,MC 9058,"Greater London, Kingston, behind Berkeley Homes: Richmond Chase along Latchmere Lane.",-0.2951,51.4284,27/08/2020
Honckenya,Caryophyllaceae,Caryophyllales,Angiosperms,Gwynedd,53.034484,-4.196014,60158,Honckenya peploides,Maarten J. M. Christenhusz,MC 9049,"Gwynedd, Wales, Trefor, beachfront",-4.423,52.9985,21/08/2020
Potentilla,Rosaceae,Rosales,Angiosperms,Greater London,51.490777,-0.082497,60159,Potentilla anserina,Maarten J. M. Christenhusz,MC 9040,"Greater London, Kingston upon Thames, Canbury Gardens, between Lower Ham Road and the Thames",-0.3057,51.4224,12/08/2020
Pulicaria,Asteraceae,Asterales,Angiosperms,Greater London,51.490777,-0.082497,60160,Pulicaria dysenterica,Maarten J. M. Christenhusz,MC 9039,"Greater London, Kingston upon Thames, Canbury Gardens, between Lower Ham Road and the Thames",-0.3057,51.4224,12/08/2020
Parietaria,Urticaceae,Rosales,Angiosperms,Greater London,51.490777,-0.082497,60161,Parietaria judaica,Maarten J. M. Christenhusz,MC 9057,"Greater London, RBG Kew, along the Thames, Bed 213 under Prunus laurocerasus",-0.2998,51.4812,26/08/2020
Cicerbita,Asteraceae,Asterales,Angiosperms,Greater London,51.490777,-0.082497,60162,Cicerbita muralis,Maarten J. M. Christenhusz,MC 9060,"Greater London, RBG Kew, in lawn between bed 182-09 and 182-03.",-0.2946,51.4784,28/08/2020
Bryonia,Cucurbitaceae,Cucurbitales,Angiosperms,Greater London,51.490777,-0.082497,60163,Bryonia dioica,Maarten J. M. Christenhusz,MC 9030,"Greater London, Kingston, Richmond Road, along fence of Fern Hill Primary School.",-0.303,51.4227,11/08/2020
Rumex,Polygonaceae,Caryophyllales,Angiosperms,Greater London,51.490777,-0.082497,60164,Rumex sanguineus,Maarten J. M. Christenhusz,MC 9056,"Greater London, RBG Kew, Rhododonderon Dell, bed 227, under Quercus montana",-0.3003,51.4797,26/08/2020
Daucus,Apiaceae,Apiales,Angiosperms,Greater London,51.490777,-0.082497,60165,Daucus carota,Maarten J. M. Christenhusz,MC 9054,"Greater London, RBG Kew, behind the Quarantine House",-0.2975,51.4819,26/08/2020
Geum,Rosaceae,Rosales,Angiosperms,Greater London,51.490777,-0.082497,60166,Geum urbanum,Maarten J. M. Christenhusz,MC 9055,"Greater London, RBG Kew, Rhododonderon Dell, bed 227, under Quercus montana",-0.3003,51.4797,26/08/2020
Dioscorea,Dioscoreaceae,Dioscoreales,Angiosperms,Gwynedd,53.034484,-4.196014,60167,Dioscorea communis,Maarten J. M. Christenhusz,MC 9044,"Gwynedd, Wales, Trefor, edge of Morfa farm in a hedgerow along the road.",-4.4285,52.9984,21/08/2020
Reynoutria,Polygonaceae,Caryophyllales,Angiosperms,Gwynedd,53.034484,-4.196014,60168,Reynoutria japonica,Maarten J. M. Christenhusz,MC 9047,"Gwynedd, Wales, Trefor, edge of Morfa farm in a hedgerow along the road.",-4.4285,52.9984,21/08/2020
Cakile,Brassicaceae,Brassicales,Angiosperms,Gwynedd,53.034484,-4.196014,60169,Cakile maritima,Maarten J. M. Christenhusz,MC 9048,"Gwynedd, Wales, Trefor, beachfront",-4.423,52.9985,21/08/2020
Dioscorea,Dioscoreaceae,Dioscoreales,Angiosperms,Gwynedd,53.034484,-4.196014,60170,Dioscorea communis,Maarten J. M. Christenhusz,MC 9045,"Gwynedd, Wales, Trefor, edge of Morfa farm in a hedgerow along the road.",-4.4285,52.9984,21/08/2020
Chaenorhinum,Plantaginaceae,Lamiales,Angiosperms,Greater London,51.490777,-0.082497,60171,Chaenorhinum minus,Maarten J. M. Christenhusz,MC 9043,"Greater London, RBG Kew, between brickwork of the Bonsai house and the pavement, near the drain. ",-0.2883,51.4817,13/08/2020
Veronica,Plantaginaceae,Lamiales,Angiosperms,Greater London,51.490777,-0.082497,60172,Veronica chamaedrys,Maarten J. M. Christenhusz,MC 9028,"Greater London, RBG Kew, near Sackler crossing along the lake, Area 266",-0.299,51.477,10/08/2020
Stellaria,Caryophyllaceae,Caryophyllales,Angiosperms,Greater London,51.490777,-0.082497,60173,Stellaria media,Maarten J. M. Christenhusz,MC 9027,"Greater London, Kingston upon Thames, Wolsey Drive, Tudor Allotment Association.",-0.3003,51.4262,10/08/2020
Alnus,Betulaceae,Fagales,Angiosperms,Greater London,51.490777,-0.082497,60174,Alnus glutinosa,Maarten J. M. Christenhusz,MC 9038,"Greater London, Kingston upon Thames, Canbury Gardens, between Lower Ham Road and the Thames",-0.3051,51.4212,12/08/2020
Filipendula,Rosaceae,Rosales,Angiosperms,Greater London,51.490777,-0.082497,60175,Filipendula ulmaria,Maarten J. M. Christenhusz,MC 9037,"Greater London, Kingston upon Thames, Canbury Gardens, between Lower Ham Road and the Thames",-0.3051,51.4212,12/08/2020
Convolvulus,Convolvulaceae,Solanales,Angiosperms,Greater London,51.490777,-0.082497,60176,Convolvulus arvensis,Maarten J. M. Christenhusz,MC 9026,"Greater London, Kingston upon Thames, Wolsey Drive, Tudor Allotment Association.",-0.3003,51.4262,10/08/2020
Rumex,Polygonaceae,Caryophyllales,Angiosperms,Greater London,51.490777,-0.082497,60177,Rumex hydrolapathum,Maarten J. M. Christenhusz,MC 9036,"Greater London, Kingston upon Thames, Canbury Gardens, between Lower Ham Road and the Thames",-0.3051,51.4212,12/08/2020
Humulus,Cannabaceae,Rosales,Angiosperms,Greater London,51.490777,-0.082497,60178,Humulus lupulus,Maarten J. M. Christenhusz,MC 9035,"Greater London, Kingston upon Thames, Canbury Gardens, between Lower Ham Road and the Thames",-0.3051,51.4212,12/08/2020
Stachys,Lamiaceae,Lamiales,Angiosperms,Greater London,51.490777,-0.082497,60179,Stachys palustris,Maarten J. M. Christenhusz,MC 9034,"Greater London, Kingston upon Thames, Canbury Gardens, between Lower Ham Road and the Thames",-0.3051,51.4212,12/08/2020
Sambucus,Adoxaceae,Dipsacales,Angiosperms,Greater London,51.490777,-0.082497,60180,Sambucus nigra,Maarten J. M. Christenhusz,MC 9053,"Greater London, RBG Kew, along the Thames, Bed 213 under Prunus laurocerasus",-0.2998,51.4812,26/08/2020
Eupatorium,Asteraceae,Asterales,Angiosperms,Greater London,51.490777,-0.082497,60181,Eupatorium cannabinum,Maarten J. M. Christenhusz,MC 9025,"Greater London, Kingston upon Thames, Canbury Gardens, between Lower Ham Road and the Thames",-0.3051,51.4207,10/08/2020
Mercurialis,Euphorbiaceae,Malpighiales,Angiosperms,Greater London,51.490777,-0.082497,60182,Mercurialis annua,Maarten J. M. Christenhusz,MC 9052,"Greater London, RBG Kew, at a drain between White Peaks and Lower Nursery",-0.2956,51.4828,26/08/2020
Arabidopsis,Brassicaceae,Brassicales,Angiosperms,Greater London,51.490777,-0.082497,60183,Arabidopsis thaliana,Maarten J. M. Christenhusz,MC 9041,"Greater London, RBG Kew, along the wall in front of School of Horticulture facing the aquatic garden",-0.2887,51.4819,13/08/2020
Mercurialis,Euphorbiaceae,Malpighiales,Angiosperms,Greater London,51.490777,-0.082497,60184,Mercurialis annua,Maarten J. M. Christenhusz,MC 9051,"Greater London, RBG Kew, at a drain between White Peaks and Lower Nursery",-0.2956,51.4828,26/08/2020
Chamaemelum,Asteraceae,Asterales,Angiosperms,Greater London,51.490777,-0.082497,60185,Chamaemelum nobile,Maarten J. M. Christenhusz,MC 9042,"Greater London, RBG Kew, in lawn in the aquatic garden",-0.2887,51.4819,13/08/2020
Medicago,Fabaceae,Fabales,Angiosperms,Greater London,51.490777,-0.082497,60186,Medicago arabica,Maarten J. M. Christenhusz,MC 9024,"Greater London, Kingston upon Thames, Canbury Gardens, between Lower Ham Road and the Thames",-0.3051,51.4207,10/08/2020
Misopates,Plantaginaceae,Lamiales,Angiosperms,Greater London,51.490777,-0.082497,60187,Misopates orontium,Maarten J. M. Christenhusz,MC 9021,"Greater London, Kingston upon Thames, Wolsey Drive, Tudor Allotment Association.",-0.3003,51.4262,06/08/2020
Hedera,Araliaceae,Apiales,Angiosperms,Greater London,51.490777,-0.082497,60188,Hedera helix,Maarten J. M. Christenhusz,MC 9099,"Greater London, Richmond, Petersham Common, near entrance to Petersham Farm, beach woodland.",-0.2989,51.4469,08/09/2020
Suaeda,Amaranthaceae,Caryophyllales,Angiosperms,Greater London,51.490777,-0.082497,60189,Suaeda vera,Maarten J. M. Christenhusz,MC 9106,"Greater London, RBG Kew, Rock Garden",-0.2896,51.4815,09/09/2020
Ilex,Aquifoliaceae,Aquifoliales,Angiosperms,Greater London,51.490777,-0.082497,60190,Ilex aquifolium,Maarten J. M. Christenhusz,MC 9098,"Greater London, Richmond, Petersham Common, near entrance to Petersham Farm, beach woodland.",-0.2989,51.4469,08/09/2020
Scrophularia,Scrophulariaceae,Lamiales,Angiosperms,Greater London,51.490777,-0.082497,60191,Scrophularia nodosa,Maarten J. M. Christenhusz,MC 9087,"Greater London, Kingston upon Thames, Molesey, Home Park, water's edge of Hampton Wick Pond.",-0.317,51.4093,07/09/2020
Chelidonium,Papaveraceae,Ranunculales,Angiosperms,Greater London,51.490777,-0.082497,60192,Chelidonium majus,Maarten J. M. Christenhusz,MC 9086,"Greater London, Kingston upon Thames, Molesey, Home Park along Horse Fair, junction with Barge Walk",-0.3108,51.4111,07/09/2020
Ranunculus,Ranunculaceae,Ranunculales,Angiosperms,Greater London,51.490777,-0.082497,60193,Ranunculus acris,Maarten J. M. Christenhusz,MC 9105,"Greater London, RBG Kew, Arboretum, edge of bed 226, under trees.",-0.299,51.48,08/09/2020
Euonymus,Celastraceae,Celastrales,Angiosperms,Greater London,51.490777,-0.082497,60194,Euonymus europaeus,Maarten J. M. Christenhusz,MC 9104,"Greater London, RBG Kew, Arboretum. Origin: Suffolk, Bury St. Edmunds, Pakenham, roadside in hedgerow",-0.2979,51.4808,08/09/2020
Chamaenerion,Onagraceae,Myrtales,Angiosperms,Greater London,51.490777,-0.082497,60195,Chamaenerion angustifolium,Maarten J. M. Christenhusz,MC 9103,"Greater London, RBG Kew, back of bed 242, weedy vegetation between trees with willow herb",-0.2962,51.4805,08/09/2020
Polygonum,Polygonaceae,Caryophyllales,Angiosperms,Greater London,51.490777,-0.082497,60196,Polygonum aviculare,Maarten J. M. Christenhusz,MC 9102,"Greater London, RBG Kew, weed in bed 124 under big maple Acer platanoides 1969-10345.",-0.2936,51.4812,08/09/2020
Geranium,Geraniaceae,Geraniales,Angiosperms,Greater London,51.490777,-0.082497,60197,Geranium robertianum,Maarten J. M. Christenhusz,MC 9101,"Greater London, RBG Kew, Jodrell Gate, along wall at the parking. ",-0.2878,51.482,08/09/2020
Scutellaria,Lamiaceae,Lamiales,Angiosperms,Greater London,51.490777,-0.082497,60198,Scutellaria galericulata,Sahr Mian,SM 20,"Greater London, RBG Kew, Jodrell Laboratory Glasshouses, grown from seed from Millennium Seed Bank",-0.2877,51.4825,10/09/2020
Galium,Rubiaceae,Gentianales,Angiosperms,Greater London,51.490777,-0.082497,60199,Galium aparine,Maarten J. M. Christenhusz,MC 9094,"Greater London, Kingston upon Thames, Wolsey Drive, Tudor Allotment Association.",-0.3003,51.4262,07/09/2020
Clematis,Ranunculaceae,Ranunculales,Angiosperms,Greater London,51.490777,-0.082497,60200,Clematis vitalba,Maarten J. M. Christenhusz,MC 9093,"Greater London, Kingston upon Thames, corner of Sury Basin and Skerne Road,Seven Kings Car Park",-0.3051,51.415,07/09/2020
Buxus,Buxaceae,Buxales,Angiosperms,Greater London,51.490777,-0.082497,60201,Buxus sempervirens,Maarten J. M. Christenhusz,MC 9100,"Greater London, RBG Kew conservation area 310, along the woodland boardwalk. Origin: Greater London, Box Hill",-0.3058,51.4744,08/09/2020
Scutellaria,Lamiaceae,Lamiales,Angiosperms,Greater London,51.490777,-0.082497,60202,Scutellaria minor,Sahr Mian,SM 21,"Greater London, RBG Kew, Jodrell Laboratory Glasshouses, grown from seed from Millennium Seed Bank.",-0.2877,51.4825,10/09/2020
Typha,Typhaceae,Poales,Angiosperms,Greater London,51.490777,-0.082497,60203,Typha latifolia,Maarten J. M. Christenhusz,MC 9085,"Greater London, RBG Kew, rock garden. Origin: Sussex, Wakehurst Place, margin of Car Park Pond",-0.2896,51.4815,03/09/2020
Sarracenia,Sarraceniaceae,Ericales,Angiosperms,Greater London,51.490777,-0.082497,60204,Sarracenia purpurea,Maarten J. M. Christenhusz,MC 9084,"Greater London, RBG Kew, rock garden. Origin: Dorset, Wareham, LowerHyde Bog",-0.2896,51.4815,03/09/2020
Acer,Sapindaceae,Sapindales,Angiosperms,Greater London,51.490777,-0.082497,60205,Acer campestre,Maarten J. M. Christenhusz,MC 9097,"Greater London, Richmond, Petersham Common, near entrance to Petersham Farm, beach woodland.",-0.2989,51.4469,08/09/2020
Buddleja,Scrophulariaceae,Lamiales,Angiosperms,Greater London,51.490777,-0.082497,60206,Buddleja davidii,Maarten J. M. Christenhusz,MC 9096,"Greater London, Kingston upon Thames, Barge Walk, Barge Dock parking, Venturer Pier",-0.3077,51.4136,07/09/2020
Impatiens,Balsaminaceae,Ericales,Angiosperms,Greater London,51.490777,-0.082497,60207,Impatiens glandulifera,Maarten J. M. Christenhusz,MC 9095,"Greater London, Richmond, Buccleuch Passage, along the Thames in shrubbery.",-0.3026,51.4529,07/09/2020
Lathyrus,Fabaceae,Fabales,Angiosperms,Greater London,51.490777,-0.082497,60208,Lathyrus linifolius,Maarten J. M. Christenhusz,MC 9083,"Greater London, RBG Kew, rock garden. Origin: Mardale Mountain Meadow below Harter Fell",-0.2896,51.4815,03/09/2020
Carex,Cyperaceae,Poales,Angiosperms,Greater London,51.490777,-0.082497,60209,Carex depauperata,Maarten J. M. Christenhusz,MC 9082,"Greater London, RBG Kew, rock garden. ",-0.2896,51.4815,03/09/2020
Viscum,Santalaceae,Santalales,Angiosperms,Greater London,51.490777,-0.082497,60210,Viscum album,Maarten J. M. Christenhusz,MC 9090,"Greater London, Kingston upon Thames, Molesey, Home Park, on planted trees along Hampton Court Rd.",-0.3319,51.4061,07/09/2020
Schoenoplectus,Cyperaceae,Poales,Angiosperms,Greater London,51.490777,-0.082497,60211,Schoenoplectus lacustris,Maarten J. M. Christenhusz,MC 9070,"Greater London, RBG Kew, aquatic garden. Origin: Wales, Glamorgan, Pile Bredgend, Frog Pond",-0.2885,51.4823,01/09/2020
Aponogeton,Aponogetonaceae,Alismatales,Angiosperms,Greater London,51.490777,-0.082497,60212,Aponogeton distachyos,Maarten J. M. Christenhusz,MC 9067,"Greater London, RBG Kew, aquatic garden.",-0.2885,51.4823,01/09/2020
Helianthemum,Cistaceae,Malvales,Angiosperms,Greater London,51.490777,-0.082497,60213,Helianthemum apenninum,Maarten J. M. Christenhusz,MC 9079,"Greater London, RBG Kew, rock garden. Origin: Somerset, Brean Down, 97 m.",-0.2896,51.4815,03/09/2020
Nymphoides,Menyanthaceae,Asterales,Angiosperms,Greater London,51.490777,-0.082497,60214,Nymphoides peltata,Maarten J. M. Christenhusz,MC 9066,"Greater London, RBG Kew, aquatic garden.",-0.2885,51.4823,01/09/2020
Geum,Rosaceae,Rosales,Angiosperms,Greater London,51.490777,-0.082497,60215,Geum rivale,Maarten J. M. Christenhusz,MC 9077,"Greater London, RBG Kew, rock garden. Origin: Gully within N face of Riggindale Fell",-0.2896,51.4815,03/09/2020
Erica,Ericaceae,Ericales,Angiosperms,Greater London,51.490777,-0.082497,60216,Erica ciliaris,Maarten J. M. Christenhusz,MC 9080,"Greater London, RBG Kew, rock garden. Origin: Dorset, Wytch Heath, near Wareham",-0.2896,51.4815,03/09/2020
Veronica,Plantaginaceae,Lamiales,Angiosperms,Greater London,51.490777,-0.082497,60217,Veronica spicata,Maarten J. M. Christenhusz,MC 9081,"Greater London, RBG Kew, rock garden. Origin: Somerset, Bristol, Avon Gorge.",-0.2896,51.4815,03/09/2020
Viola,Violaceae,Malpighiales,Angiosperms,Greater London,51.490777,-0.082497,60218,Viola riviniana,Maarten J. M. Christenhusz,MC 9078,"Greater London, RBG Kew, rock garden. Origin: North Cambridgeshire",-0.2896,51.4815,03/09/2020
Butomus,Butomaceae,Alismatales,Angiosperms,Greater London,51.490777,-0.082497,60219,Butomus umbellatus,Maarten J. M. Christenhusz,MC 9069,"Greater London, RBG Kew, aquatic garden.",-0.2885,51.4823,01/09/2020
Tanacetum,Asteraceae,Asterales,Angiosperms,Greater London,51.490777,-0.082497,60220,Tanacetum vulgare,Maarten J. M. Christenhusz,MC 9065,"Greater London, Kingston upon Thames, along towparth between Northweald Lane, Ham and the Thames",-0.3121,51.4282,01/09/2020
Hypericum,Hypericaceae,Malpighiales,Angiosperms,Greater London,51.490777,-0.082497,60221,Hypericum perforatum,Maarten J. M. Christenhusz,MC 9064,"Greater London, Kingston upon Thames, along towparth between Northweald Lane, Ham and the Thames ",-0.3121,51.4282,01/09/2020
Linaria,Plantaginaceae,Lamiales,Angiosperms,Greater London,51.490777,-0.082497,60222,Linaria vulgaris,Maarten J. M. Christenhusz,MC 9063,"Greater London, Kingston upon Thames, along towparth between Northweald Lane, Ham and the Thames",-0.3121,51.4282,01/09/2020
Plantago,Plantaginaceae,Lamiales,Angiosperms,Greater London,51.490777,-0.082497,60223,Plantago lanceolata,Maarten J. M. Christenhusz,MC 9062,"Greater London, RBG Kew, in lawn between bed 182-09 and 182-03.",-0.2946,51.4784,28/08/2020
Bellis,Asteraceae,Asterales,Angiosperms,Greater London,51.490777,-0.082497,60224,Bellis perennis,Maarten J. M. Christenhusz,MC 9061,"Greater London, RBG Kew, in lawn between bed 182-09 and 182-03.",-0.2946,51.4784,28/08/2020
Pontederia,Pontederiaceae,Commelinales,Angiosperms,Greater London,51.490777,-0.082497,60225,Pontederia cordata,Maarten J. M. Christenhusz,MC 9068,"Greater London, RBG Kew, aquatic garden.",-0.2885,51.4823,01/09/2020
Thymus,Lamiaceae,Lamiales,Angiosperms,Greater London,51.490777,-0.082497,60226,Thymus serpyllum,Maarten J. M. Christenhusz,MC 9076,"Greater London, RBG Kew, rock garden. Origin: Norfolk, Grimes Graves",-0.2896,51.4815,03/09/2020
Anemone,Ranunculaceae,Ranunculales,Angiosperms,Greater London,51.490777,-0.082497,60227,Anemone pulsatilla,Maarten J. M. Christenhusz,MC 9075,"Greater London, RBG Kew, rock garden. Origin: Cambridgeshire, Barnack, ancient disused stone quarry",-0.2896,51.4815,03/09/2020
Comarum,Rosaceae,Rosales,Angiosperms,Greater London,51.490777,-0.082497,60228,Comarum palustre,Maarten J. M. Christenhusz,MC 9074,"Greater London, RBG Kew, rock garden. Origin: Scotland, Invernesshire, Arisaig",-0.2896,51.4815,03/09/2020
Lysimachia,Primulaceae,Ericales,Angiosperms,Greater London,51.490777,-0.082497,60229,Lysimachia vulgaris,Maarten J. M. Christenhusz,MC 9073,"Greater London, RBG Kew, rock garden. Origin: England, Hampshire, nr Aldershot, Ashvale, Mychett Lake",-0.2896,51.4815,03/09/2020
Ballota,Lamiaceae,Lamiales,Angiosperms,Greater London,51.490777,-0.082497,60230,Ballota nigra,Maarten J. M. Christenhusz,MC 9072,"Greater London, RBG Kew, weed at the Lower Nursery, in gravel beside one of the greenhouses.",-0.2972,51.4826,02/09/2020
Lamium,Lamiaceae,Lamiales,Angiosperms,Greater London,51.490777,-0.082497,60231,Lamium album,Maarten J. M. Christenhusz,MC 9071,"Greater London, Richmond, Petersham Meadows, end of River Lane, along the towpath, Thames",-0.3055,51.4488,02/09/2020
Viscum,Santalaceae,Santalales,Angiosperms,City of Edinburgh,55.9409962118208,-3.19572693194092,60232,Viscum album,David Bell,1480,"City of Edinburgh, Scotland; National Gallery",-3.223566,55.952054,Nov.2020
Hedera,Araliaceae,Apiales,Angiosperms,City of Edinburgh,55.9409962118208,-3.19572693194092,60233,Hedera helix,David Bell,1481,"City of Edinburgh, Royal Botanic Garden Edinburgh, Inverleith",-3.201966,55.964173,Nov.2020
Lotus,Fabaceae,Fabales,Angiosperms,City of Edinburgh,55.9409962118208,-3.19572693194092,60234,Lotus corniculatus,Zoe Goodwin,1884,"City of Edinburgh, Royal Botanic Garden Edinburgh, Inverleith",-3.20916667,55.9652278,07/08/2020
Ulex,Fabaceae,Fabales,Angiosperms,Scottish Borders,55.564137,-2.746408,60235,Ulex europaeus,David Bell,1485,"Scottish Borders, Spottiswoode",-2.633154,55.744922,03/12/2020
Sphagnum,Sphagnaceae,Sphagnopsid_moss,Bryophytes,Scottish Borders,55.564137,-2.746408,60236,Sphagnum fallax,David G Long,EDTOL1,"Scottish Borders, Spottiswoode Forest",-2.631136,55.740286,25/08/2019
Dicranum,Dicranaceae,Undeter_peristomate_moss,Bryophytes,Scottish Borders,55.564137,-2.746408,60237,Dicranum scoparium,David G Long,EDTOL2,"Scottish Borders, Spottiswoode Forest",-2.631136,55.740286,25/08/2019
Encalypta,Encalyptaceae,Undeter_peristomate_moss,Bryophytes,Scottish Borders,55.564137,-2.746408,60243,Encalypta streptocarpa,"David Bell, David G Long",1467,"Scottish Borders, Spottiswoode House",-2.633195,55.740563,30/10/2020
Calliergonella,Hypnaceae,Undeter_peristomate_moss,Bryophytes,Scottish Borders,55.564137,-2.746408,60245,Calliergonella cuspidata,"David Bell, David G Long",1468,"Scottish Borders, Spottiswoode House",-2.633195,55.740563,30/10/2020
Anomodon,Thuidiaceae,Undeter_peristomate_moss,Bryophytes,Scottish Borders,55.564137,-2.746408,60246,Anomodon viticulosus,"David Bell, David G Long",1469,"Scottish Borders, Spottiswoode House",-2.633195,55.740563,30/10/2020
Dicranella,Dicranaceae,Undeter_peristomate_moss,Bryophytes,Scottish Borders,55.564137,-2.746408,60248,Dicranella heteromalla,"David Bell, David G Long",1473,"Scottish Borders, Spottiswoode",-2.630054,55.743356,30/10/2020
Plagiomnium,Mniaceae,Undeter_peristomate_moss,Bryophytes,City of Edinburgh,55.9409962118208,-3.19572693194092,60251,Plagiomnium undulatum,David Bell,1412,"City of Edinburgh, Royal Botanic Garden Edinburgh",-3.21125,55.96577778,18/08/2020
Kindbergia,Brachytheciaceae,Undeter_peristomate_moss,Bryophytes,City of Edinburgh,55.9409962118208,-3.19572693194092,60252,Kindbergia praelonga,David Bell,1411,"City of Edinburgh, Royal Botanic Garden Edinburgh",-3.21125,55.96577778,18/08/2020
Rhytidiadelphus,Hylocomiaceae,Undeter_peristomate_moss,Bryophytes,Scottish Borders,55.564137,-2.746408,60253,Rhytidiadelphus squarrosus,David Bell,1436,"Scottish Borders, Talla and Gameshope Borders Forest Trust Res., Donald's Cleuch and Games Hope",-3.36026,55.444053,23/09/2020
Sanionia,Amblystegiaceae,Undeter_peristomate_moss,Bryophytes,Scottish Borders,55.564137,-2.746408,60255,Sanionia uncinata,"David Bell, David G Long",1474,"Scottish Borders, Spottiswoode",-2.630392,55.743543,30/10/2020
Plagiothecium,Plagiotheciaceae,Undeter_peristomate_moss,Bryophytes,Scottish Borders,55.564137,-2.746408,60256,Plagiothecium undulatum,"David Bell, David G Long",1476,"Scottish Borders, Spottiswoode",-2.632696,55.744133,30/10/2020
Sphagnum,Sphagnaceae,Sphagnopsid_moss,Bryophytes,Scottish Borders,55.564137,-2.746408,60257,Sphagnum inundatum,"David Bell, David G Long",1478,"Scottish Borders, Spottiswoode",-2.634482,55.746209,30/10/2020
Plagiothecium,Plagiotheciaceae,Undeter_peristomate_moss,Bryophytes,Scottish Borders,55.564137,-2.746408,60258,Plagiothecium denticulatum,"David Bell, David G Long",1477,"Scottish Borders, Spottiswoode",-2.633007,55.747636,30/10/2020
Pogonatum,Polytrichaceae,Undeter_peristomate_moss,Bryophytes,Scottish Borders,55.564137,-2.746408,60259,Pogonatum urnigerum,"David Bell, David G Long",1479,"Scottish Borders, Spottiswoode",-2.636142,55.745428,30/10/2020
Hylocomiadelphus,Hylocomiaceae,Undeter_peristomate_moss,Bryophytes,Scottish Borders,55.564137,-2.746408,60260,Hylocomiadelphus triquetrus,"David Bell, Elizabeth Kungu",1439,"Scottish Borders, Dawyck Botanic Garden, by path to Dawyck Chapel",-3.320203,55.602282,01/10/2020
Rhytidiadelphus,Hylocomiaceae,Undeter_peristomate_moss,Bryophytes,Scottish Borders,55.564137,-2.746408,60261,Rhytidiadelphus loreus,"David Bell, Elizabeth Kungu",1440,"Scottish Borders, Dawyck Botanic Garden, by path to Dawyck Chapel",-3.320203,55.602282,01/10/2020
Hypnum,Hypnaceae,Undeter_peristomate_moss,Bryophytes,Scottish Borders,55.564137,-2.746408,60262,Hypnum andoi,"David Bell, Elizabeth Kungu",1442,"Scottish Borders, Dawyck Botanic Garden, by track behind Dawyck Chapel",-3.321536,55.600865,01/10/2020
Hypnum,Hypnaceae,Undeter_peristomate_moss,Bryophytes,Scottish Borders,55.564137,-2.746408,60263,Hypnum cupressiforme,"David Bell, Elizabeth Kungu",1443,"Scottish Borders, Dawyck Botanic Garden, by track behind Dawyck Chapel",-3.321536,55.600865,01/10/2020
Didymodon,Pottiaceae,Undeter_peristomate_moss,Bryophytes,Scottish Borders,55.564137,-2.746408,60264,Didymodon insulanus,"David Bell, Elizabeth Kungu",1441,"Scottish Borders, Dawyck Botanic Garden, by track behind Dawyck Chapel",-3.321536,55.600865,01/10/2020
Thuidium,Thuidiaceae,Undeter_peristomate_moss,Bryophytes,Scottish Borders,55.564137,-2.746408,60266,Thuidium tamariscinum,"David Bell, Elizabeth Kungu",1445,"Scottish Borders, Dawyck Botanic Garden, Upper Scrape Glen on path above Scrape Burn",-3.319105,55.59984,01/10/2020
Homalothecium,Brachytheciaceae,Undeter_peristomate_moss,Bryophytes,Scottish Borders,55.564137,-2.746408,60268,Homalothecium sericeum,"David Bell, Elizabeth Kungu",1451,"Scottish Borders, Dawyck Botanic Garden, Hillside above Dawyck House",-3.314618,55.603339,01/10/2020
Neckera,Neckeraceae,Undeter_peristomate_moss,Bryophytes,Scottish Borders,55.564137,-2.746408,60269,Neckera pumila,"David Bell, Elizabeth Kungu",1447,"Scottish Borders, Dawyck Botanic Garden, Scrape Burn",-3.319268,55.600458,01/10/2020
Isothecium,Brachytheciaceae,Undeter_peristomate_moss,Bryophytes,Scottish Borders,55.564137,-2.746408,60270,Isothecium myosuroides,"David Bell, Elizabeth Kungu",1448,"Scottish Borders, Dawyck Botanic Garden, Cryptogamic Sanctuary",-3.317307,55.60021,01/10/2020
Isothecium,Brachytheciaceae,Undeter_peristomate_moss,Bryophytes,Scottish Borders,55.564137,-2.746408,60271,Isothecium alopecuroides,"David Bell, Elizabeth Kungu",1449,"Scottish Borders, Dawyck Botanic Garden, Cryptogamic Sanctuary",-3.317307,55.60021,01/10/2020
Pulvigera,,,Bryophytes,Scottish Borders,55.564137,-2.746408,60272,Pulvigera lyellii,"David Bell, Elizabeth Kungu",1450,"Scottish Borders, Dawyck Botanic Garden, Hillside above Dawyck House",-3.315163,55.60301,01/10/2020
Zygodon,Orthotrichaceae,Undeter_peristomate_moss,Bryophytes,Scottish Borders,55.564137,-2.746408,60273,Zygodon viridissimus,"David Bell, Elizabeth Kungu",1452,"Scottish Borders, Dawyck Botanic Garden, Hillside above Dawyck House",-3.314618,55.603339,01/10/2020
Thamnobryum,Neckeraceae,Undeter_peristomate_moss,Bryophytes,Scottish Borders,55.564137,-2.746408,60274,Thamnobryum alopecurum,"David Bell, Elizabeth Kungu",1453,"Scottish Borders, Dawyck Botanic Garden, Lower Scrape Glen, footbridge by Dynamo House",-3.318909,55.602511,01/10/2020
Palustriella,Amblystegiaceae,Undeter_peristomate_moss,Bryophytes,Dumfries and Galloway,55.012952,-4.118686,60275,Palustriella commutata,"David Bell, David G Long",1454,"Dumfries and Galloway, Carrifran Wildwood, Carrifran Burn below Dun Knowe",-3.328565,55.397154,16/10/2020
Campylium,Amblystegiaceae,Undeter_peristomate_moss,Bryophytes,Dumfries and Galloway,55.012952,-4.118686,60276,Campylium stellatum,"David Bell, David G Long",1455,"Dumfries and Galloway, Carrifran Wildwood, Carrifran Burn below Dun Knowe",-3.328565,55.397154,16/10/2020
Schistidium,Grimmiaceae,Undeter_peristomate_moss,Bryophytes,Dumfries and Galloway,55.012952,-4.118686,60277,Schistidium strictum,"David Bell, David G Long",1456,"Dumfries and Galloway, Carrifran Wildwood, Raven Craig",-3.352473,55.407776,16/10/2020
Ctenidium,Hypnaceae,Undeter_peristomate_moss,Bryophytes,Dumfries and Galloway,55.012952,-4.118686,60278,Ctenidium molluscum,"David Bell, David G Long",1457,"Dumfries and Galloway, Carrifran Wildwood, Raven Craig",-3.352473,55.407776,16/10/2020
Tortella,Pottiaceae,Undeter_peristomate_moss,Bryophytes,Dumfries and Galloway,55.012952,-4.118686,60279,Tortella tortuosa,"David Bell, David G Long",1458,"Dumfries and Galloway, Carrifran Wildwood, Raven Craig",-3.352473,55.407776,16/10/2020
Thuidium,Thuidiaceae,Undeter_peristomate_moss,Bryophytes,Dumfries and Galloway,55.012952,-4.118686,60280,Thuidium delicatulum,"David Bell, David G Long",1459,"Dumfries and Galloway, Carrifran Wildwood, Raven Craig",-3.350373,55.409174,16/10/2020
Neckera,Neckeraceae,Undeter_peristomate_moss,Bryophytes,Dumfries and Galloway,55.012952,-4.118686,60281,Neckera crispa,"David Bell, David G Long",1460,"Dumfries and Galloway, Carrifran Wildwood, Raven Craig",-3.350214,55.410084,16/10/2020
Grimmia,Grimmiaceae,Undeter_peristomate_moss,Bryophytes,Dumfries and Galloway,55.012952,-4.118686,60283,Grimmia ramondii,"David Bell, David G Long",1462,"Dumfries and Galloway, Carrifran Wildwood, Raven Craig",-3.350214,55.410084,16/10/2020
Ptilium,Hypnaceae,Undeter_peristomate_moss,Bryophytes,Dumfries and Galloway,55.012952,-4.118686,60284,Ptilium crista-castrensis,"David Bell, David G Long",1463,"Dumfries and Galloway, Carrifran Wildwood, Raven Craig",-3.350612,55.411095,16/10/2020
Palustriella,Amblystegiaceae,Undeter_peristomate_moss,Bryophytes,Dumfries and Galloway,55.012952,-4.118686,60285,Palustriella falcata,"David Bell, David G Long",1464,"Dumfries and Galloway, Carrifran Wildwood, Carrifran Burn below Dun Knowe",-3.328565,55.397154,16/10/2020
Scorpidium,Amblystegiaceae,Undeter_peristomate_moss,Bryophytes,Dumfries and Galloway,55.012952,-4.118686,60286,Scorpidium revolvens,"David Bell, David G Long",1465,"Dumfries and Galloway, Carrifran Wildwood, Carrifran Burn below Dun Knowe",-3.328565,55.397154,16/10/2020
Dichodontium,Dicranaceae,Undeter_peristomate_moss,Bryophytes,Scottish Borders,55.564137,-2.746408,60287,Dichodontium palustre,David Bell,1415,"Scottish Borders, Talla & Gameshope Borders Forest Trust Res., Donald's Cleuch",-3.354083333,55.44338889,04/09/2020
Scorpidium,Amblystegiaceae,Undeter_peristomate_moss,Bryophytes,Scottish Borders,55.564137,-2.746408,60288,Scorpidium cossonii,David Bell,1419,"Scottish Borders, Talla & Gameshope Borders Forest Trust Res., Donald's Cleuch",-3.347194444,55.44061111,04/09/2020
Sarmentypnum,Amblystegiaceae,Undeter_peristomate_moss,Bryophytes,Scottish Borders,55.564137,-2.746408,60289,Sarmentypnum exannulatum,David Bell,1420,"Scottish Borders, Talla & Gameshope Borders Forest Trust Res., Donald's Cleuch below Great Hill",-3.343472222,55.43336111,04/09/2020
Amphidium,Orthotrichaceae,Undeter_peristomate_moss,Bryophytes,Scottish Borders,55.564137,-2.746408,60290,Amphidium mougeotii,David Bell,1426,"Scottish Borders, Talla & Gameshope Borders Forest Trust Res., Games Hope opposite bothy",-3.367722222,55.4535,04/09/2020
Bryum,Bryaceae,Undeter_peristomate_moss,Bryophytes,Scottish Borders,55.564137,-2.746408,60291,Bryum alpinum,David Bell,1427,"Scottish Borders, Talla & Gameshope Borders Forest Trust Res., Games Hope opposite bothy",-3.367722222,55.4535,04/09/2020
Bryum,Bryaceae,Undeter_peristomate_moss,Bryophytes,Scottish Borders,55.564137,-2.746408,60292,Bryum julaceum,David Bell,1428,"Scottish Borders, Talla & Gameshope Borders Forest Trust Res., Games Hope Burn nr March Sike",-3.374236,55.462222,23/09/2020
Aulacomnium,Aulacomniaceae,Undeter_peristomate_moss,Bryophytes,Scottish Borders,55.564137,-2.746408,60295,Aulacomnium palustre,David Bell,1438,"Scottish Borders, Talla & Gameshope Borders Forest Trust Res., Games Hope below Carlavin Hill",-3.364654,55.452281,23/09/2020
Polytrichum,Polytrichaceae,Undeter_peristomate_moss,Bryophytes,Scottish Borders,55.564137,-2.746408,60296,Polytrichum commune,David Bell,1422,"Scottish Borders, Talla & Gameshope Borders Forest Trust Res., Donald's Cleuch and Games Hope",-3.359,55.44380556,04/09/2020
Diplophyllum,Scapaniaceae,Undetermined_liverwort_order,Bryophytes,Scottish Borders,55.564137,-2.746408,60297,Diplophyllum albicans,David Bell,1416,"Scottish Borders, Talla & Gameshope Borders Forest Trust Res., Donald's Cleuch",-3.352972222,55.44305556,04/09/2020
Philonotis,Bartramiaceae,Undeter_peristomate_moss,Bryophytes,Scottish Borders,55.564137,-2.746408,60299,Philonotis fontana,David Bell,1417,"Scottish Borders, Talla & Gameshope Borders Forest Trust Res., Donald's Cleuch",-3.352972222,55.44305556,04/09/2020
Fontinalis,Fontinalaceae,Undeter_peristomate_moss,Bryophytes,Scottish Borders,55.564137,-2.746408,60300,Fontinalis antipyretica,David Bell,1418,"Scottish Borders, Talla & Gameshope Borders Forest Trust Res., Donald's Cleuch",-3.346861111,55.44061111,04/09/2020
Racomitrium,Grimmiaceae,Undeter_peristomate_moss,Bryophytes,Scottish Borders,55.564137,-2.746408,60301,Racomitrium lanuginosum,David Bell,1425,"Scottish Borders, Talla & Gameshope Borders Forest Trust Res., Donald's Cleuch and Games Hope",-3.360277778,55.44422222,04/09/2020
Mnium,Mniaceae,Undeter_peristomate_moss,Bryophytes,City of Edinburgh,55.9409962118208,-3.19572693194092,60302,Mnium hornum,David Bell,1414,"City of Edinburgh, Royal Botanic Garden Edinburgh",-3.21125,55.96577778,18/08/2020
Hylocomium,Hylocomiaceae,Undeter_peristomate_moss,Bryophytes,Scottish Borders,55.564137,-2.746408,60303,Hylocomium splendens,David Bell,1423,"Scottish Borders, Talla & Gameshope Borders Forest Trust Res., Donald's Cleuch and Games Hope",-3.359,55.44380556,04/09/2020
Campylopus,Dicranaceae,Undeter_peristomate_moss,Bryophytes,Scottish Borders,55.564137,-2.746408,60304,Campylopus atrovirens,David Bell,1424,"Scottish Borders, Talla & Gameshope Borders Forest Trust Res., Donald's Cleuch and Games Hope",-3.360277778,55.44422222,04/09/2020
Pleurozium,Hylocomiaceae,Undeter_peristomate_moss,Bryophytes,Scottish Borders,55.564137,-2.746408,60305,Pleurozium schreberi,David Bell,1421,"Scottish Borders, Talla & Gameshope Borders Forest Trust Res., Donald's Cleuch and Games Hope",-3.359305556,55.44380556,04/09/2020
Atrichum,Polytrichaceae,Undeter_peristomate_moss,Bryophytes,City of Edinburgh,55.9409962118208,-3.19572693194092,60306,Atrichum undulatum,David Bell,1413,"City of Edinburgh, Royal Botanic Garden Edinburgh",-3.21125,55.96577778,18/08/2020
Fissidens,Fissidentaceae,Undeter_peristomate_moss,Bryophytes,Scottish Borders,55.564137,-2.746408,60307,Fissidens osmundoides,David Bell,1432,"Scottish Borders, Talla & Gameshope Borders Forest Trust Res., Games Hope Burn nr March Sike",-3.374236,55.462222,23/09/2020
Breutelia,Bartramiaceae,Undeter_peristomate_moss,Bryophytes,Scottish Borders,55.564137,-2.746408,60310,Breutelia chrysocoma,David Bell,1431,"Scottish Borders, Talla & Gameshope Borders Forest Trust Res., Games Hope Burn nr March Sike",-3.374236,55.462222,23/09/2020
Polytrichum,Polytrichaceae,Undeter_peristomate_moss,Bryophytes,Scottish Borders,55.564137,-2.746408,60313,Polytrichum commune,David Bell,1483,"Scottish Borders, Spottiswoode",-2.633629,55.746663,03/12/2020
Hylocomiadelphus,Hylocomiaceae,Undeter_peristomate_moss,Bryophytes,Scottish Borders,55.564137,-2.746408,60314,Hylocomiadelphus triquetrus,David Bell,1484,"Scottish Borders, Spottiswoode",-2.628495,55.746447,03/12/2020
Dryopteris,Dryopteridaceae,Polypodiales-Eupolypod I,Pteridophytes,Argyll and Bute,56.1747549181417,-5.33102352680561,60315,Dryopteris aemula,Mary Gibby,MG2019-1,"Argyll and Bute, Scotland, Benmore Botanic Garden, site 12 on Fern Trail map",-4.991616,56.02246,29-Aug-19
Blechnum,Blechnaceae,Eupolypod II,Pteridophytes,Argyll and Bute,56.1747549181417,-5.33102352680561,60316,Blechnum spicant,Mary Gibby,MG2019-4,"Argyll and Bute, Scotland, Benmore Botanic Garden",-4.988167,56.025972,29-Aug-19
Oreopteris,Thelypteridaceae,Polypodiales-Eupolypod II,Pteridophytes,Argyll and Bute,56.1747549181417,-5.33102352680561,60317,Oreopteris limbospermum,Mary Gibby,MG2019-2,"Argyll and Bute, Scotland, Benmore Botanic Garden, site 9 on Fern Trail map",-4.989246,56.02334,29-Aug-19
Athyrium,Athyriaceae,Eupolypod II,Pteridophytes,Argyll and Bute,56.1747549181417,-5.33102352680561,60318,Athyrium filix-femina,Mary Gibby,MG2019-3,"Argyll and Bute, Scotland, Benmore Botanic Garden",-4.989149,56.02537,29-Aug-19
Equisetum,Equisetaceae,Equisetales,Pteridophytes,City of Edinburgh,55.9409962118208,-3.19572693194092,60319,Equisetum hyemale,"Zoe Goodwin, David Bell",1913,"City of Edinburgh, Royal Botanic Garden Edinburgh, Inverleith",-3.20916667,55.9652278,26/08/2020
Equisetum,Equisetaceae,Equisetales,Pteridophytes,City of Edinburgh,55.9409962118208,-3.19572693194092,60320,Equisetum arvense,"Zoe Goodwin, David Bell",1912,"City of Edinburgh, Royal Botanic Garden Edinburgh, Inverleith",-3.20916667,55.9652278,26/08/2020
Pilularia,Marsileaceae,Marsileales,Pteridophytes,City of Edinburgh,55.9409962118208,-3.19572693194092,60321,Pilularia globulifera,"Zoe Goodwin, David Bell",1916,"City of Edinburgh, Royal Botanic Garden Edinburgh, Inverleith",-3.20916667,55.9652278,26/08/2020
Woodsia,Woodsiaceae,Eupolypod II,Pteridophytes,City of Edinburgh,55.9409962118208,-3.19572693194092,60322,Woodsia alpina,"Zoe Goodwin, David Bell",1910,"City of Edinburgh, Royal Botanic Garden Edinburgh, Inverleith",-3.20916667,55.9652278,26/08/2020
Thelypteris,Thelypteridaceae,Polypodiales-Eupolypod II,Pteridophytes,City of Edinburgh,55.9409962118208,-3.19572693194092,60323,Thelypteris palustris,"Zoe Goodwin, David Bell",1915,"City of Edinburgh, Royal Botanic Garden Edinburgh, Inverleith",-3.20916667,55.9652278,26/08/2020
Woodsia,Woodsiaceae,Eupolypod II,Pteridophytes,City of Edinburgh,55.9409962118208,-3.19572693194092,60324,Woodsia ilvensis,"Zoe Goodwin, David Bell",1911,"City of Edinburgh, Royal Botanic Garden Edinburgh, Inverleith",-3.20916667,55.9652278,26/08/2020
Gymnocarpium,Cystopteridaceae,Polypodiales-Eupolypod II,Pteridophytes,City of Edinburgh,55.9409962118208,-3.19572693194092,60325,Gymnocarpium robertianum,"Zoe Goodwin, David Bell",1914,"City of Edinburgh, Royal Botanic Garden Edinburgh, Inverleith",-3.20916667,55.9652278,26/08/2020
Athyrium,Athyriaceae,Eupolypod II,Pteridophytes,City of Edinburgh,55.9409962118208,-3.19572693194092,60326,Athyrium distentifolium,"Zoe Goodwin, David Bell",1896,"City of Edinburgh, Royal Botanic Garden Edinburgh, Inverleith",-3.20916667,55.9652278,11/08/2020
Blechnum,Blechnaceae,Eupolypod II,Pteridophytes,City of Edinburgh,55.9409962118208,-3.19572693194092,60327,Blechnum spicant,Zoe Goodwin,1890,"City of Edinburgh, Royal Botanic Garden Edinburgh, Inverleith",-3.20916667,55.9652278,07/08/2020
Pteridium,Dennstaedtiaceae,Polypodiales,Pteridophytes,City of Edinburgh,55.9409962118208,-3.19572693194092,60328,Pteridium aquilinum,Zoe Goodwin,1875,"City of Edinburgh, Royal Botanic Garden Edinburgh, Inverleith",-3.20916667,55.9652278,06/08/2020
Lycopodium,Lycopodiaceae,Lycopodiales,Pteridophytes,City of Edinburgh,55.9409962118208,-3.19572693194092,60329,Lycopodium clavatum,Zoe Goodwin,1887,"City of Edinburgh, Royal Botanic Garden Edinburgh, Inverleith",-3.20916667,55.9652278,07/08/2020
Equisetum,Equisetaceae,Equisetales,Pteridophytes,Gwynedd,53.034484,-4.196014,60330,Equisetum telmateia,Maarten J. M. Christenhusz,MC 9046,"Gwynedd, Wales, Trefor, along Croes-higol Road, on the edge of the village.",-4.4255,52.9933,21/08/2020
Osmunda,Osmundaceae,Osmundales,Pteridophytes,Greater London,51.490777,-0.082497,60331,Osmunda regalis,Maarten J. M. Christenhusz,MC 9029,"Greater London, RBG Kew, near Sackler crossing along the lake, Area 266",-0.299,51.477,10/08/2020
Asplenium,Aspleniaceae,Eupolypod II,Pteridophytes,Greater London,51.490777,-0.082497,60332,Asplenium scolopendrium,Maarten J. M. Christenhusz,MC 9023,"Greater London, Kingston upon Thames, Tenrec Hall, 200 Richmond Road",-0.3018,51.4208,07/08/2020
Adiantum,Pteridaceae,Polypodiales,Pteridophytes,Greater London,51.490777,-0.082497,60333,Adiantum capillus-veneris,Maarten J. M. Christenhusz,MC 9022,"Greater London, Kingston upon Thames, Tenrec Hall, 200 Richmond Road",-0.3018,51.4208,07/08/2020
Equisetum,Equisetaceae,Equisetales,Pteridophytes,Greater London,51.490777,-0.082497,60334,Equisetum palustre,Maarten J. M. Christenhusz,MC 9089,"Greater London, Kingston upon Thames, Molesey, Home Park, water's edge of Hampton Wick Pond.",-0.317,51.4093,07/09/2020
Equisetum,Equisetaceae,Equisetales,Pteridophytes,Greater London,51.490777,-0.082497,60335,Equisetum arvense,Maarten J. M. Christenhusz,MC 9088,"Greater London, Kingston upon Thames, Molesey, Home Park, water's edge of Hampton Wick Pond.",-0.317,51.4093,07/09/2020
Polypodium,Polypodiaceae,Polypodiales-Eupolypod I,Pteridophytes,Greater London,51.490777,-0.082497,60336,Polypodium vulgare,Maarten J. M. Christenhusz,MC 9092,"Greater London, Kingston upon Thames, TurksPier, brickwork at water's edge, quay of JohnLewis complex",-0.308,51.4121,07/09/2020
Asplenium,Aspleniaceae,Eupolypod II,Pteridophytes,Greater London,51.490777,-0.082497,60337,Asplenium ruta-muraria,Maarten J. M. Christenhusz,MC 9091,"Greater London, Kingston upon Thames, on brickwork on north side of Kingston Bridge. ",-0.3097,51.4114,07/09/2020
Lycopodium,Lycopodiaceae,Lycopodiales,Pteridophytes,City of Edinburgh,55.9409962118208,-3.19572693194092,60338,Lycopodium clavatum,Laura L Forrest,EDTOL4,"City of Edinburgh, Scotland, Royal Botanic Garden Edinburgh",-3.207801,55.965312,03/10/2019
Neoorthocaulis,Anastrophyllaceae,Undeter_peristomate_moss,Bryophytes,Scottish Borders,55.564137,-2.746408,60347,Neoorthocaulis floerkei,David G Long,EDTOL3,"Scottish Borders, Spottiswoode Forest",-2.631136,55.740286,25/08/2019
Apopellia,,,Bryophytes,East Lothian,55.9459201493332,-2.72697188954985,60348,Apopellia endiviifolia,Laura L Forrest,EDTOL6h,"East Lothian, Scotland, Binning Wood",-2.65449,56.012186,03/10/2019
Conocephalum,Conocephalaceae,Undetermined_liverwort_order,Bryophytes,East Lothian,55.9459201493332,-2.72697188954985,60349,Conocephalum conicum,Laura L Forrest,EDTOL5a,"East Lothian, Scotland, Binning Wood",-2.65449,56.012186,03/10/2019
Metzgeria,Metzgeriaceae,Undetermined_liverwort_order,Bryophytes,Scottish Borders,55.564137,-2.746408,60350,Metzgeria furcata,"David Bell, David G Long",1466,"Scottish Borders, Spottiswoode House",-2.633195,55.740563,30/10/2020
Radula,Radulaceae,Undetermined_liverwort_order,Bryophytes,Scottish Borders,55.564137,-2.746408,60351,Radula complanata,"David Bell, David G Long",1470,"Scottish Borders, Spottiswoode nr Eastside",-2.622187,55.745508,30/10/2020
Frullania,Jubulaceae,Undetermined_liverwort_order,Bryophytes,Scottish Borders,55.564137,-2.746408,60352,Frullania dilatata,"David Bell, David G Long",1471,"Scottish Borders, Spottiswoode nr Eastside",-2.62165,55.745798,30/10/2020
Lepidozia,Lepidoziaceae,Undetermined_liverwort_order,Bryophytes,Scottish Borders,55.564137,-2.746408,60353,Lepidozia reptans,"David Bell, David G Long",1472,"Scottish Borders, Spottiswoode",-2.630054,55.743356,30/10/2020
Lophocolea,Lophocoleaceae,Undeter_peristomate_moss,Bryophytes,Scottish Borders,55.564137,-2.746408,60354,Lophocolea bidentata,"David Bell, David G Long",1475,"Scottish Borders, Spottiswoode",-2.630392,55.743543,30/10/2020
Riccardia,Aneuraceae,Undetermined_liverwort_order,Bryophytes,Scottish Borders,55.564137,-2.746408,60355,Riccardia palmata,"David Bell, Elizabeth Kungu",1444,"Scottish Borders, Dawyck Botanic Garden, by track behind Dawyck Chapel",-3.321536,55.600865,01/10/2020
Porella,Porellaceae,Undetermined_liverwort_order,Bryophytes,Scottish Borders,55.564137,-2.746408,60356,Porella cordaeana,"David Bell, Elizabeth Kungu",1446,"Scottish Borders, Dawyck Botanic Garden, Upper Scrape Glen on path above Scrape Burn",-3.319263,55.600306,01/10/2020
Tritomaria,Jungermanniaceae,Undetermined_liverwort_order,Bryophytes,Dumfries and Galloway,55.012952,-4.118686,60357,Tritomaria quinquedentata,"David Bell, David G Long",1461,"Dumfries and Galloway, Carrifran Wildwood, Raven Craig",-3.350214,55.410084,16/10/2020
Lejeunea,Lejeuneaceae,Undetermined_liverwort_order,Bryophytes,Scottish Borders,55.564137,-2.746408,60358,Lejeunea patens,David Bell,1429,"Scottish Borders, Talla & Gameshope Borders Forest Trust Res., Games Hope Burn nr March Sike",-3.374236,55.462222,23/09/2020
Marsupella,Gymnomitriaceae,Undeter_peristomate_moss,Bryophytes,Scottish Borders,55.564137,-2.746408,60359,Marsupella emarginata,David Bell,1430,"Scottish Borders, Talla & Gameshope Borders Forest Trust Res., Games Hope Burn nr March Sike",-3.374236,55.462222,23/09/2020
Ptilidium,Ptilidiaceae,Undetermined_liverwort_order,Bryophytes,Scottish Borders,55.564137,-2.746408,60360,Ptilidium ciliare,David Bell,1435,"Scottish Borders, Talla & Gameshope Borders Forest Trust Res., Donald's Cleuch and Games Hope",-3.36026,55.444053,23/09/2020
Frullania,Jubulaceae,Undetermined_liverwort_order,Bryophytes,Scottish Borders,55.564137,-2.746408,60361,Frullania tamarisci,David Bell,1433,"Scottish Borders, Talla & Gameshope Borders Forest Trust Res., Games Hope Burn nr March Sike",-3.374236,55.462222,23/09/2020
Plagiochila,Plagiochilaceae,Undetermined_liverwort_order,Bryophytes,Scottish Borders,55.564137,-2.746408,60362,Plagiochila porelloides,David Bell,1434,"Scottish Borders, Talla & Gameshope Borders Forest Trust Res., Games Hope Burn nr March Sike",-3.374239,55.461854,23/09/2020
Lunularia,Lunulariaceae,Undetermined_liverwort_order,Bryophytes,City of Edinburgh,55.9409962118208,-3.19572693194092,60417,Lunularia cruciata,David Bell,1482,"City of Edinburgh, Royal Botanic Garden Edinburgh, Inverleith",-3.202958,55.964146,23/11/2020
