plant_group,genus,species,family,status,priority,collected by feb 2021
Bryophyte,Abietinella,abietina,Thuidiaceae,dtol,,
Bryophyte,Acaulon,mediterraneum,Pottiaceae,dtol,,
Bryophyte,Acaulon,muticum,Pottiaceae,dtol,,
Bryophyte,Acaulon,triquetrum,Pottiaceae,dtol,,
Bryophyte,Achrophyllum,dentatum,Daltoniaceae,dtol,,
Bryophyte,Acrobolbus,wilsonii,Acrobolbaceae,dtol_family_representative,yes,
Bryophyte,Adelanthus,lindenbergianus,Adelanthaceae,dtol_family_representative,yes,
Bryophyte,Aloina,aloides,Pottiaceae,dtol,,
Bryophyte,Aloina,ambigua,Pottiaceae,dtol,,
Bryophyte,Aloina,brevirostris,Pottiaceae,dtol,,
Bryophyte,Aloina,rigida,Pottiaceae,dtol,,
Bryophyte,Amblyodon,dealbatus,Meesiaceae,dtol,,
Bryophyte,Amblystegium,serpens,Amblystegiaceae,dtol,yes,
Bryophyte,Amphidium,lapponicum,Amphidiaceae,dtol_family_representative,yes,
Bryophyte,Amphidium,mougeotii,Amphidiaceae,dtol_family_representative,yes,yes
Bryophyte,Anastrepta,orcadensis,Anastrophyllaceae,dtol,yes,
Bryophyte,Anastrophyllum,alpinum,Anastrophyllaceae,dtol_family_representative,yes,
Bryophyte,Anastrophyllum,donnianum,Anastrophyllaceae,dtol_family_representative,yes,
Bryophyte,Anastrophyllum,hellerianum,Anastrophyllaceae,dtol,,
Bryophyte,Anastrophyllum,joergensenii,Anastrophyllaceae,dtol,,
Bryophyte,Andreaea,hookeri,Andreaeaceae,dtol_family_representative,,
Bryophyte,Andreaea,nivalis,Andreaeaceae,dtol_family_representative,,
Bryophyte,Andreaea,alpestris,Andreaeaceae,dtol,,
Bryophyte,Andreaea,blyttii,Andreaeaceae,dtol,,
Bryophyte,Andreaea,frigida,Andreaeaceae,dtol,,
Bryophyte,Andreaea,megistospora,Andreaeaceae,dtol,,
Bryophyte,Andreaea,mutabilis,Andreaeaceae,dtol,,
Bryophyte,Andreaea,rothii,Andreaeaceae,dtol,yes,
Bryophyte,Andreaea,rupestris,Andreaeaceae,dtol,yes,
Bryophyte,Andreaea,sinuosa,Andreaeaceae,dtol,,
Bryophyte,Aneura,pinguis,Aneuraceae,dtol_family_representative,yes,
Bryophyte,Aneura,mirabilis,Aneuraceae,dtol,yes,
Bryophyte,Anoectangium,aestivum,Pottiaceae,dtol,,
Bryophyte,Anomodon,longifolius,Anomodontaceae,dtol_family_representative,yes,
Bryophyte,Anomodon,viticulosus,Anomodontaceae,dtol_family_representative,yes,yes
Bryophyte,Anthelia,julacea,Antheliaceae,dtol_family_representative,yes,
Bryophyte,Anthelia,juratzkana,Antheliaceae,dtol_family_representative,yes,
Bryophyte,Anthoceros,agrestis,Anthocerotaceae,dtol_family_representative,yes,
Bryophyte,Anthoceros,punctatus,Anthocerotaceae,dtol_family_representative,yes,
Bryophyte,Antitrichia,curtipendula,Antitrichiaceae,dtol_family_representative,yes,
Bryophyte,Aongstroemia,longipes,Aongstroemiaceae,dtol,,
Bryophyte,Aplodon,wormskioldii,Splachnaceae,dtol,,
Bryophyte,Archidium,alternifolium,Archidiaceae,dtol_family_representative,yes,
Bryophyte,Arctoa,anderssonii,Rhabdoweisiaceae,dtol,,
Bryophyte,Arctoa,fulvella,Rhabdoweisiaceae,dtol,,
Bryophyte,Atrichum,angustatum,Polytrichaceae,dtol,,
Bryophyte,Atrichum,crispum,Polytrichaceae,dtol,,
Bryophyte,Atrichum,flavisetum,Polytrichaceae,dtol,,
Bryophyte,Atrichum,tenellum,Polytrichaceae,dtol,,
Bryophyte,Atrichum,undulatum,Polytrichaceae,dtol,,yes
Bryophyte,Aulacomnium,palustre,Aulacomniaceae,dtol_family_representative,yes,yes
Bryophyte,Aulacomnium,turgidum,Aulacomniaceae,dtol_family_representative,yes,
Bryophyte,Aulacomnium,androgynum,Aulacomniaceae,dtol,,
Bryophyte,Neoorthocaulis,floerkei,Anastrophyllaceae,dtol,,yes
Bryophyte,Barbilophozia,barbata,Anastrophyllaceae,dtol,,
Bryophyte,Barbilophozia,hatcheri,Anastrophyllaceae,dtol,,
Bryophyte,Barbilophozia,kunzeana,Anastrophyllaceae,dtol,,
Bryophyte,Barbilophozia,lycopodioides,Anastrophyllaceae,dtol,,
Bryophyte,Barbilophozia,quadriloba,Anastrophyllaceae,dtol,,
Bryophyte,Barbilophozia,sudetica,Anastrophyllaceae,dtol,,
Bryophyte,Barbula,unguiculata,Pottiaceae,dtol,,
Bryophyte,Bartramia,aprica,Bartramiaceae,dtol,,
Bryophyte,Bartramia,halleriana,Bartramiaceae,dtol,,
Bryophyte,Bartramia,ithyphylla,Bartramiaceae,dtol,,
Bryophyte,Bartramia,pomiformis,Bartramiaceae,dtol,yes,
Bryophyte,Bazzania,tricrenata,Lepidoziaceae,dtol_family_representative,yes,
Bryophyte,Bazzania,pearsonii,Lepidoziaceae,dtol,yes,
Bryophyte,Bazzania,trilobata,Lepidoziaceae,dtol,,
Bryophyte,Biantheridion,undulifolium,Anastrophyllaceae,dtol,,
Bryophyte,Blasia,pusilla,Blasiaceae,dtol_family_representative,yes,
Bryophyte,Blepharostoma,trichophyllum,Blepharostomataceae,dtol_family_representative,yes,
Bryophyte,Blindia,acuta,Seligeriaceae,dtol_family_representative,yes,
Bryophyte,Blindia,caespiticia,Seligeriaceae,dtol,,
Bryophyte,Blindiadelphus,campylopodus,Seligeriaceae,dtol,,
Bryophyte,Blindiadelphus,diversifolius,Seligeriaceae,dtol,,
Bryophyte,Blindiadelphus,recurvatus,Seligeriaceae,dtol,,
Bryophyte,Brachydontium,trichodes,Ptychomitriaceae,dtol,,
Bryophyte,Brachytheciastrum,trachypodium,Brachytheciaceae,dtol,,
Bryophyte,Brachytheciastrum,velutinum,Brachytheciaceae,dtol,,
Bryophyte,Brachythecium,albicans,Brachytheciaceae,dtol,,
Bryophyte,Brachythecium,cirrosum,Brachytheciaceae,dtol,,
Bryophyte,Brachythecium,erythrorrhizon,Brachytheciaceae,dtol,,
Bryophyte,Brachythecium,glareosum,Brachytheciaceae,dtol,,
Bryophyte,Brachythecium,mildeanum,Brachytheciaceae,dtol,,
Bryophyte,Brachythecium,rivulare,Brachytheciaceae,dtol,yes,
Bryophyte,Brachythecium,rutabulum,Brachytheciaceae,dtol,,
Bryophyte,Brachythecium,salebrosum,Brachytheciaceae,dtol,,
Bryophyte,Braunia,imberbis,Hedwigiaceae,dtol,yes,
Bryophyte,Breutelia,chrysocoma,Bartramiaceae,dtol_family_representative,,yes
Bryophyte,Bruchia,vogesiaca,Bruchiaceae,dtol_family_representative,yes,
Bryophyte,Bryoerythrophyllum,caledonicum,Pottiaceae,dtol,,
Bryophyte,Bryoerythrophyllum,ferruginascens,Pottiaceae,dtol,yes,
Bryophyte,Bryoerythrophyllum,recurvirostrum,Pottiaceae,dtol,,
Bryophyte,Bryum,alpinum,Bryaceae,dtol_family_representative,,yes
Bryophyte,Bryum,julaceum,Bryaceae,dtol_family_representative,,yes
Bryophyte,Bryum,algovicum,Bryaceae,dtol,,
Bryophyte,Bryum,apiculatum,Bryaceae,dtol,,
Bryophyte,Bryum,archangelicum,Bryaceae,dtol,,
Bryophyte,Bryum,arcticum,Bryaceae,dtol,,
Bryophyte,Bryum,argenteum,Bryaceae,dtol,,
Bryophyte,Bryum,bornholmense,Bryaceae,dtol,,
Bryophyte,Bryum,caespiticium,Bryaceae,dtol,,
Bryophyte,Bryum,calophyllum,Bryaceae,dtol,,
Bryophyte,Bryum,canariense,Bryaceae,dtol,yes,
Bryophyte,Bryum,capillare,Bryaceae,dtol,,
Bryophyte,Bryum,concinnatum,Bryaceae,dtol,,
Bryophyte,Bryum,creberrimum,Bryaceae,dtol,,
Bryophyte,Bryum,cyclophyllum,Bryaceae,dtol,,
Bryophyte,Bryum,demissum,Bryaceae,dtol,,
Bryophyte,Bryum,dichotomum,Bryaceae,dtol,,
Bryophyte,Bryum,dixonii,Bryaceae,dtol,,
Bryophyte,Bryum,donianum,Bryaceae,dtol,,
Bryophyte,Bryum,dyffrynense,Bryaceae,dtol,,
Bryophyte,Bryum,elegans,Bryaceae,dtol,,
Bryophyte,Bryum,gemmiferum,Bryaceae,dtol,,
Bryophyte,Bryum,gemmilucens,Bryaceae,dtol,,
Bryophyte,Bryum,intermedium,Bryaceae,dtol,,
Bryophyte,Bryum,klinggraeffii,Bryaceae,dtol,,
Bryophyte,Bryum,knowltonii,Bryaceae,dtol,,
Bryophyte,Bryum,kunzei,Bryaceae,dtol,,
Bryophyte,Bryum,marratii,Bryaceae,dtol,,
Bryophyte,Bryum,mildeanum,Bryaceae,dtol,,
Bryophyte,Bryum,moravicum,Bryaceae,dtol,,
Bryophyte,Bryum,muehlenbeckii,Bryaceae,dtol,,
Bryophyte,Bryum,pallens,Bryaceae,dtol,,
Bryophyte,Bryum,pallescens,Bryaceae,dtol,,
Bryophyte,Bryum,pseudotriquetrum,Bryaceae,dtol,yes,
Bryophyte,Bryum,pseudotriquetrum,Bryaceae,dtol,,
Bryophyte,Bryum,radiculosum,Bryaceae,dtol,,
Bryophyte,Bryum,riparium,Bryaceae,dtol,,
Bryophyte,Bryum,rubens,Bryaceae,dtol,,
Bryophyte,Bryum,ruderale,Bryaceae,dtol,,
Bryophyte,Bryum,salinum,Bryaceae,dtol,,
Bryophyte,Bryum,sauteri,Bryaceae,dtol,,
Bryophyte,Bryum,schleicheri,Bryaceae,dtol,,
Bryophyte,Bryum,subapiculatum,Bryaceae,dtol,,
Bryophyte,Bryum,tenuisetum,Bryaceae,dtol,,
Bryophyte,Bryum,torquescens,Bryaceae,dtol,,
Bryophyte,Bryum,turbinatum,Bryaceae,dtol,,
Bryophyte,Bryum,uliginosum,Bryaceae,dtol,,
Bryophyte,Bryum,valparaisense,Bryaceae,dtol,,
Bryophyte,Bryum,violaceum,Bryaceae,dtol,,
Bryophyte,Bryum,warneum,Bryaceae,dtol,,
Bryophyte,Bryum,weigelii,Bryaceae,dtol,,
Bryophyte,Bryum,zieri,Bryaceae,dtol,,
Bryophyte,Buckia,vaucheri,Pylaisiaceae,dtol,,
Bryophyte,Buxbaumia,aphylla,Buxbaumiaceae,dtol_family_representative,yes,
Bryophyte,Buxbaumia,viridis,Buxbaumiaceae,dtol_family_representative,yes,
Bryophyte,Calliergon,cordifolium,Calliergonaceae,dtol,yes,
Bryophyte,Calliergon,giganteum,Calliergonaceae,dtol,,
Bryophyte,Calliergonella,cuspidata,Pylaisiaceae,dtol_family_representative,yes,yes
Bryophyte,Calliergonella,lindbergii,Pylaisiaceae,dtol,,
Bryophyte,Calomnion,complanatum,Rhizogoniaceae,dtol_family_representative,,
Bryophyte,Calypogeia,fissa,Calypogeiaceae,dtol_family_representative,yes,
Bryophyte,Calypogeia,muelleriana,Calypogeiaceae,dtol_family_representative,yes,
Bryophyte,Calypogeia,arguta,Calypogeiaceae,dtol,,
Bryophyte,Calypogeia,azurea,Calypogeiaceae,dtol,,
Bryophyte,Calypogeia,integristipula,Calypogeiaceae,dtol,,
Bryophyte,Calypogeia,neesiana,Calypogeiaceae,dtol,,
Bryophyte,Calypogeia,sphagnicola,Calypogeiaceae,dtol,,
Bryophyte,Calypogeia,suecica,Calypogeiaceae,dtol,,
Bryophyte,Calyptrochaeta,apiculata,Daltoniaceae,dtol,,
Bryophyte,Campyliadelphus,chrysophyllus,Amblystegiaceae,dtol,,
Bryophyte,Campyliadelphus,elodes,Amblystegiaceae,dtol,,
Bryophyte,Campylium,bambergeri,Amblystegiaceae,dtol,,
Bryophyte,Campylium,protensum,Amblystegiaceae,dtol,,
Bryophyte,Campylium,stellatum,Amblystegiaceae,dtol,,yes
Bryophyte,Campylophyllopsis,calcarea,Amblystegiaceae,dtol,,
Bryophyte,Campylophyllum,halleri,Amblystegiaceae,dtol,,
Bryophyte,Campylopus,atrovirens,Leucobryaceae,dtol_family_representative,,yes
Bryophyte,Campylopus,brevipilus,Leucobryaceae,dtol,,
Bryophyte,Campylopus,flexuosus,Leucobryaceae,dtol,,
Bryophyte,Campylopus,fragilis,Leucobryaceae,dtol,,
Bryophyte,Campylopus,gracilis,Leucobryaceae,dtol,,
Bryophyte,Campylopus,introflexus,Leucobryaceae,dtol,,
Bryophyte,Campylopus,pilifer,Leucobryaceae,dtol,,
Bryophyte,Campylopus,pyriformis,Leucobryaceae,dtol,yes,
Bryophyte,Campylopus,schimperi,Leucobryaceae,dtol,,
Bryophyte,Campylopus,setifolius,Leucobryaceae,dtol,,
Bryophyte,Campylopus,shawii,Leucobryaceae,dtol,,
Bryophyte,Campylopus,subulatus,Leucobryaceae,dtol,,
Bryophyte,Campylostelium,saxicola,Ptychomitriaceae,dtol,,
Bryophyte,Catoscopium,nigritum,Catoscopiaceae,dtol_family_representative,yes,
Bryophyte,Cephalozia,bicuspidata,Cephaloziaceae,dtol_family_representative,yes,
Bryophyte,Cephalozia,albescens,Cephaloziaceae,dtol,,
Bryophyte,Cephalozia,ambigua,Cephaloziaceae,dtol,,
Bryophyte,Cephalozia,catenulata,Cephaloziaceae,dtol,,
Bryophyte,Cephalozia,connivens,Cephaloziaceae,dtol,,
Bryophyte,Cephalozia,crassifolia,Cephaloziaceae,dtol,,
Bryophyte,Cephalozia,curvifolia,Cephaloziaceae,dtol,,
Bryophyte,Cephalozia,leucantha,Cephaloziaceae,dtol,,
Bryophyte,Cephalozia,loitlesbergeri,Cephaloziaceae,dtol,,
Bryophyte,Cephalozia,lunulifolia,Cephaloziaceae,dtol,,
Bryophyte,Cephalozia,macrostachya,Cephaloziaceae,dtol,,
Bryophyte,Cephalozia,pleniceps,Cephaloziaceae,dtol,,
Bryophyte,Cephaloziella,divaricata,Cephaloziellaceae,dtol_family_representative,yes,
Bryophyte,Cephaloziella,baumgartneri,Cephaloziellaceae,dtol,,
Bryophyte,Cephaloziella,calyculata,Cephaloziellaceae,dtol,,
Bryophyte,Cephaloziella,dentata,Cephaloziellaceae,dtol,,
Bryophyte,Cephaloziella,elachista,Cephaloziellaceae,dtol,,
Bryophyte,Cephaloziella,hampeana,Cephaloziellaceae,dtol,yes,
Bryophyte,Cephaloziella,integerrima,Cephaloziellaceae,dtol,,
Bryophyte,Cephaloziella,massalongi,Cephaloziellaceae,dtol,,
Bryophyte,Cephaloziella,nicholsonii,Cephaloziellaceae,dtol,,
Bryophyte,Cephaloziella,rubella,Cephaloziellaceae,dtol,,
Bryophyte,Cephaloziella,spinigera,Cephaloziellaceae,dtol,,
Bryophyte,Cephaloziella,stellulifera,Cephaloziellaceae,dtol,,
Bryophyte,Cephaloziella,turneri,Cephaloziellaceae,dtol,,
Bryophyte,Ceratodon,conicus,Ditrichaceae,dtol,,
Bryophyte,Ceratodon,purpureus,Ditrichaceae,dtol,yes,
Bryophyte,Cheilothela,chloropus,Ditrichaceae,dtol,,
Bryophyte,Chenia,leptophylla,Pottiaceae,dtol,,
Bryophyte,Chiloscyphus,pallescens,Lophocoleaceae,dtol_family_representative,,
Bryophyte,Chiloscyphus,polyanthos,Lophocoleaceae,dtol,yes,
Bryophyte,Chionoloma,cylindrotheca,Pottiaceae,dtol,,
Bryophyte,Chionoloma,hibernicum,Pottiaceae,dtol,,
Bryophyte,Chionoloma,recurvifolium,Pottiaceae,dtol,,
Bryophyte,Chionoloma,tenuirostre,Pottiaceae,dtol,,
Bryophyte,Cinclidium,stygium,Mniaceae,dtol,,
Bryophyte,Cinclidotus,fontinaloides,Pottiaceae,dtol,,
Bryophyte,Cinclidotus,riparius,Pottiaceae,dtol,,
Bryophyte,Cirriphyllum,crassinervium,Brachytheciaceae,dtol,,
Bryophyte,Cirriphyllum,piliferum,Brachytheciaceae,dtol,,
Bryophyte,Clevea,hyalina,Cleveaceae,dtol_family_representative,yes,
Bryophyte,Climacium,dendroides,Climaciaceae,dtol_family_representative,yes,
Bryophyte,Codonoblepharon,forsteri,Orthotrichaceae,dtol,,
Bryophyte,Cololejeunea,calcarea,Lejeuneaceae,dtol,,
Bryophyte,Cololejeunea,microscopica,Lejeuneaceae,dtol,,
Bryophyte,Cololejeunea,rossettiana,Lejeuneaceae,dtol,,
Bryophyte,Colura,calyptrifolia,Lejeuneaceae,dtol,,
Bryophyte,Conardia,compacta,Amblystegiaceae,dtol,,
Bryophyte,Conocephalum,conicum,Conocephalaceae,dtol_family_representative,yes,yes
Bryophyte,Conocephalum,salebrosum,Conocephalaceae,dtol_family_representative,yes,
Bryophyte,Conostomum,tetragonum,Bartramiaceae,dtol,,
Bryophyte,Coscinodon,cribrosus,Grimmiaceae,dtol,,
Bryophyte,Cratoneuron,curvicaule,Amblystegiaceae,dtol,,
Bryophyte,Cratoneuron,filicinum,Amblystegiaceae,dtol,yes,
Bryophyte,Crossidium,squamiferum,Pottiaceae,dtol,,
Bryophyte,Cryphaea,heteromalla,Cryphaeaceae,dtol_family_representative,yes,
Bryophyte,Ctenidium,molluscum,Myuriaceae,dtol_family_representative,yes,yes
Bryophyte,Cyclodictyon,laetevirens,Pilotrichaceae,dtol_family_representative,yes,
Bryophyte,Cynodontium,bruntonii,Rhabdoweisiaceae,dtol,,
Bryophyte,Cynodontium,fallax,Rhabdoweisiaceae,dtol,,
Bryophyte,Cynodontium,jenneri,Rhabdoweisiaceae,dtol,,
Bryophyte,Cynodontium,polycarpon,Rhabdoweisiaceae,dtol,,
Bryophyte,Cynodontium,strumiferum,Rhabdoweisiaceae,dtol,,
Bryophyte,Cynodontium,tenellum,Rhabdoweisiaceae,dtol,,
Bryophyte,Daltonia,splachnoides,Daltoniaceae,dtol_family_representative,yes,
Bryophyte,Dendrocryphaea,lamyana,Cryphaeaceae,dtol,yes,
Bryophyte,Dialytrichia,mucronata,Pottiaceae,dtol,,
Bryophyte,Dialytrichia,saxicola,Pottiaceae,dtol,,
Bryophyte,Dichodontium,palustre,Aongstroemiaceae,dtol_family_representative,yes,yes
Bryophyte,Dichodontium,pellucidum,Aongstroemiaceae,dtol_family_representative,yes,
Bryophyte,Dichodontium,flavescens,Aongstroemiaceae,dtol,,
Bryophyte,Dicranella,heteromalla,Dicranellaceae,dtol_family_representative,yes,yes
Bryophyte,Dicranella,subulata,Dicranellaceae,dtol_family_representative,,
Bryophyte,Dicranella,cerviculata,Dicranellaceae,dtol,,
Bryophyte,Dicranella,crispa,Dicranellaceae,dtol,,
Bryophyte,Dicranella,grevilleana,Dicranellaceae,dtol,,
Bryophyte,Dicranella,howei,Dicranellaceae,dtol,,
Bryophyte,Dicranella,rufescens,Dicranellaceae,dtol,,
Bryophyte,Dicranella,schreberiana,Dicranellaceae,dtol,yes,
Bryophyte,Dicranella,staphylina,Dicranellaceae,dtol,,
Bryophyte,Dicranella,varia,Dicranellaceae,dtol,,
Bryophyte,Dicranodontium,asperulum,Leucobryaceae,dtol,,
Bryophyte,Dicranodontium,denudatum,Leucobryaceae,dtol,,
Bryophyte,Dicranodontium,subporodictyon,Leucobryaceae,dtol,,
Bryophyte,Dicranodontium,uncinatum,Leucobryaceae,dtol,,
Bryophyte,Dicranoloma,menziesii,Dicranaceae,dtol,,
Bryophyte,Dicranoweisia,cirrata,Rhabdoweisiaceae,dtol_family_representative,yes,
Bryophyte,Dicranum,majus,Dicranaceae,dtol_family_representative,,
Bryophyte,Dicranum,scoparium,Dicranaceae,dtol_family_representative,yes,yes
Bryophyte,Dicranum,bonjeanii,Dicranaceae,dtol,,
Bryophyte,Dicranum,elongatum,Dicranaceae,dtol,,
Bryophyte,Dicranum,flagellare,Dicranaceae,dtol,,
Bryophyte,Dicranum,flexicaule,Dicranaceae,dtol,,
Bryophyte,Dicranum,fuscescens,Dicranaceae,dtol,yes,
Bryophyte,Dicranum,leioneuron,Dicranaceae,dtol,,
Bryophyte,Dicranum,montanum,Dicranaceae,dtol,,
Bryophyte,Dicranum,polysetum,Dicranaceae,dtol,,
Bryophyte,Dicranum,scottianum,Dicranaceae,dtol,,
Bryophyte,Dicranum,spadiceum,Dicranaceae,dtol,,
Bryophyte,Dicranum,spurium,Dicranaceae,dtol,,
Bryophyte,Dicranum,tauricum,Dicranaceae,dtol,,
Bryophyte,Dicranum,undulatum,Dicranaceae,dtol,,
Bryophyte,Didymodon,insulanus,Pottiaceae,dtol_family_representative,,yes
Bryophyte,Didymodon,acutus,Pottiaceae,dtol,,
Bryophyte,Didymodon,australasiae,Pottiaceae,dtol,,
Bryophyte,Didymodon,cordatus,Pottiaceae,dtol,,
Bryophyte,Didymodon,fallax,Pottiaceae,dtol,,
Bryophyte,Didymodon,ferrugineus,Pottiaceae,dtol,,
Bryophyte,Didymodon,glaucus,Pottiaceae,dtol,,
Bryophyte,Didymodon,icmadophilus,Pottiaceae,dtol,,
Bryophyte,Didymodon,luridus,Pottiaceae,dtol,,
Bryophyte,Didymodon,maximus,Pottiaceae,dtol,,
Bryophyte,Didymodon,nicholsonii,Pottiaceae,dtol,,
Bryophyte,Didymodon,rigidulus,Pottiaceae,dtol,,
Bryophyte,Didymodon,sinuosus,Pottiaceae,dtol,,
Bryophyte,Didymodon,spadiceus,Pottiaceae,dtol,,
Bryophyte,Didymodon,tomaculosus,Pottiaceae,dtol,,
Bryophyte,Didymodon,tophaceus,Pottiaceae,dtol,,
Bryophyte,Didymodon,umbrosus,Pottiaceae,dtol,,
Bryophyte,Didymodon,vinealis,Pottiaceae,dtol,,
Bryophyte,Diphyscium,foliosum,Diphysciaceae,dtol_family_representative,yes,
Bryophyte,Diplophyllum,albicans,Scapaniaceae,dtol,yes,yes
Bryophyte,Diplophyllum,obtusifolium,Scapaniaceae,dtol,,
Bryophyte,Diplophyllum,taxifolium,Scapaniaceae,dtol,,
Bryophyte,Discelium,nudum,Disceliaceae,dtol_family_representative,yes,
Bryophyte,Distichium,capillaceum,Distichiaceae,dtol_family_representative,yes,
Bryophyte,Distichium,inclinatum,Distichiaceae,dtol,yes,
Bryophyte,Ditrichum,heteromallum,Ditrichaceae,dtol_family_representative,,
Bryophyte,Ditrichum,cornubicum,Ditrichaceae,dtol,,
Bryophyte,Ditrichum,lineare,Ditrichaceae,dtol,,
Bryophyte,Ditrichum,pallidum,Ditrichaceae,dtol,,
Bryophyte,Ditrichum,plumbicola,Ditrichaceae,dtol,,
Bryophyte,Ditrichum,pusillum,Ditrichaceae,dtol,,
Bryophyte,Ditrichum,subulatum,Ditrichaceae,dtol,,
Bryophyte,Ditrichum,zonatum,Ditrichaceae,dtol,,
Bryophyte,Douinia,ovata,Scapaniaceae,dtol,,
Bryophyte,Drepanocladus,aduncus,Amblystegiaceae,dtol,,
Bryophyte,Drepanocladus,lycopodioides,Amblystegiaceae,dtol,,
Bryophyte,Drepanocladus,polygamus,Amblystegiaceae,dtol,,
Bryophyte,Drepanocladus,sendtneri,Amblystegiaceae,dtol,,
Bryophyte,Drepanocladus,trifarius,Amblystegiaceae,dtol,,
Bryophyte,Drepanocladus,turgescens,Amblystegiaceae,dtol,,
Bryophyte,Drepanolejeunea,hamatifolia,Lejeuneaceae,dtol,,
Bryophyte,Dumortiera,hirsuta,Dumortieraceae,dtol_family_representative,yes,
Bryophyte,Encalypta,ciliata,Encalyptaceae,dtol_family_representative,,
Bryophyte,Encalypta,streptocarpa,Encalyptaceae,dtol_family_representative,yes,yes
Bryophyte,Encalypta,alpina,Encalyptaceae,dtol,,
Bryophyte,Encalypta,brevicolla,Encalyptaceae,dtol,,
Bryophyte,Encalypta,pilifera,Encalyptaceae,dtol,,
Bryophyte,Encalypta,rhaptocarpa,Encalyptaceae,dtol,,
Bryophyte,Encalypta,vulgaris,Encalyptaceae,dtol,yes,
Bryophyte,Endogemma,caespiticia,Endogemmaceae,dtol_family_representative,,
Bryophyte,Entodon,concinnus,Entodontaceae,dtol_family_representative,yes,
Bryophyte,Entosthodon,attenuatus,Funariaceae,dtol,,
Bryophyte,Entosthodon,fascicularis,Funariaceae,dtol,,
Bryophyte,Entosthodon,mouretii,Funariaceae,dtol,,
Bryophyte,Entosthodon,muhlenbergii,Funariaceae,dtol,,
Bryophyte,Entosthodon,obtusus,Funariaceae,dtol,,
Bryophyte,Entosthodon,pulchellus,Funariaceae,dtol,,
Bryophyte,Ephemerum,cohaerens,Pottiaceae,dtol,,
Bryophyte,Ephemerum,crassinervium,Pottiaceae,dtol,,
Bryophyte,Ephemerum,minutissimum,Pottiaceae,dtol,,
Bryophyte,Ephemerum,recurvifolium,Pottiaceae,dtol,,
Bryophyte,Ephemerum,serratum,Pottiaceae,dtol,,
Bryophyte,Ephemerum,spinulosum,Pottiaceae,dtol,,
Bryophyte,Epipterygium,tozeri,Mniaceae,dtol,,
Bryophyte,Eremonotus,myriocarpus,Jungermanniaceae,dtol,,
Bryophyte,Eucladium,verticillatum,Pottiaceae,dtol,,
Bryophyte,Eurhynchiastrum,diversifolium,Brachytheciaceae,dtol,,
Bryophyte,Eurhynchium,striatum,Brachytheciaceae,dtol,,
Bryophyte,Fissidens,adianthoides,Fissidentaceae,dtol_family_representative,,
Bryophyte,Fissidens,osmundoides,Fissidentaceae,dtol_family_representative,,yes
Bryophyte,Fissidens,bryoides,Fissidentaceae,dtol,yes,
Bryophyte,Fissidens,celticus,Fissidentaceae,dtol,,
Bryophyte,Fissidens,crassipes,Fissidentaceae,dtol,,
Bryophyte,Fissidens,crispus,Fissidentaceae,dtol,,
Bryophyte,Fissidens,curvatus,Fissidentaceae,dtol,,
Bryophyte,Fissidens,dubius,Fissidentaceae,dtol,,
Bryophyte,Fissidens,exilis,Fissidentaceae,dtol,,
Bryophyte,Fissidens,fontanus,Fissidentaceae,dtol,,
Bryophyte,Fissidens,gracilifolius,Fissidentaceae,dtol,,
Bryophyte,Fissidens,incurvus,Fissidentaceae,dtol,,
Bryophyte,Fissidens,monguillonii,Fissidentaceae,dtol,,
Bryophyte,Fissidens,polyphyllus,Fissidentaceae,dtol,,
Bryophyte,Fissidens,pusillus,Fissidentaceae,dtol,,
Bryophyte,Fissidens,rivularis,Fissidentaceae,dtol,,
Bryophyte,Fissidens,rufulus,Fissidentaceae,dtol,,
Bryophyte,Fissidens,serrulatus,Fissidentaceae,dtol,,
Bryophyte,Fissidens,taxifolius,Fissidentaceae,dtol,yes,
Bryophyte,Fissidens,viridulus,Fissidentaceae,dtol,,
Bryophyte,Flexitrichum,flexicaule,Flexitrichaceae,dtol_family_representative,yes,
Bryophyte,Flexitrichum,gracile,Flexitrichaceae,dtol_family_representative,yes,
Bryophyte,Fontinalis,antipyretica,Fontinalaceae,dtol_family_representative,yes,yes
Bryophyte,Fontinalis,squamosa,Fontinalaceae,dtol_family_representative,yes,
Bryophyte,Fontinalis,antipyretica,Fontinalaceae,dtol,,
Bryophyte,Fossombronia,pusilla,Fossombroniaceae,dtol_family_representative,yes,
Bryophyte,Fossombronia,wondraczekii,Fossombroniaceae,dtol_family_representative,yes,
Bryophyte,Fossombronia,angulosa,Fossombroniaceae,dtol,,
Bryophyte,Fossombronia,caespitiformis,Fossombroniaceae,dtol,,
Bryophyte,Fossombronia,fimbriata,Fossombroniaceae,dtol,,
Bryophyte,Fossombronia,foveolata,Fossombroniaceae,dtol,,
Bryophyte,Fossombronia,husnotii,Fossombroniaceae,dtol,,
Bryophyte,Fossombronia,incurva,Fossombroniaceae,dtol,,
Bryophyte,Fossombronia,maritima,Fossombroniaceae,dtol,,
Bryophyte,Fossombronia,mittenii,Fossombroniaceae,dtol,,
Bryophyte,Frullania,dilatata,Frullaniaceae,dtol_family_representative,yes,yes
Bryophyte,Frullania,tamarisci,Frullaniaceae,dtol_family_representative,yes,yes
Bryophyte,Frullania,fragilifolia,Frullaniaceae,dtol,,
Bryophyte,Frullania,microphylla,Frullaniaceae,dtol,,
Bryophyte,Frullania,teneriffae,Frullaniaceae,dtol,,
Bryophyte,Funaria,hygrometrica,Funariaceae,dtol_family_representative,,
Bryophyte,Geocalyx,graveolens,Geocalycaceae,dtol_family_representative,yes,
Bryophyte,Glyphomitrium,daviesii,Rhabdoweisiaceae,dtol,,
Bryophyte,Gongylanthus,ericetorum,Southbyaceae,dtol_family_representative,,
Bryophyte,Grimmia,ramondii,Grimmiaceae,dtol_family_representative,,yes
Bryophyte,Grimmia,alpestris,Grimmiaceae,dtol,,
Bryophyte,Grimmia,anodon,Grimmiaceae,dtol,,
Bryophyte,Grimmia,anomala,Grimmiaceae,dtol,,
Bryophyte,Grimmia,arenaria,Grimmiaceae,dtol,,
Bryophyte,Grimmia,atrata,Grimmiaceae,dtol,,
Bryophyte,Grimmia,crinita,Grimmiaceae,dtol,,
Bryophyte,Grimmia,decipiens,Grimmiaceae,dtol,,
Bryophyte,Grimmia,dissimulata,Grimmiaceae,dtol,,
Bryophyte,Grimmia,donniana,Grimmiaceae,dtol,,
Bryophyte,Grimmia,elatior,Grimmiaceae,dtol,,
Bryophyte,Grimmia,elongata,Grimmiaceae,dtol,,
Bryophyte,Grimmia,funalis,Grimmiaceae,dtol,,
Bryophyte,Grimmia,hartmanii,Grimmiaceae,dtol,,
Bryophyte,Grimmia,incurva,Grimmiaceae,dtol,,
Bryophyte,Grimmia,laevigata,Grimmiaceae,dtol,,
Bryophyte,Grimmia,lisae,Grimmiaceae,dtol,,
Bryophyte,Grimmia,longirostris,Grimmiaceae,dtol,,
Bryophyte,Grimmia,montana,Grimmiaceae,dtol,,
Bryophyte,Grimmia,muehlenbeckii,Grimmiaceae,dtol,,
Bryophyte,Grimmia,orbicularis,Grimmiaceae,dtol,,
Bryophyte,Grimmia,ovalis,Grimmiaceae,dtol,,
Bryophyte,Grimmia,pulvinata,Grimmiaceae,dtol,yes,
Bryophyte,Grimmia,reflexidens,Grimmiaceae,dtol,,
Bryophyte,Grimmia,tergestina,Grimmiaceae,dtol,,
Bryophyte,Grimmia,torquata,Grimmiaceae,dtol,,
Bryophyte,Grimmia,trichophylla,Grimmiaceae,dtol,,
Bryophyte,Grimmia,unicolor,Grimmiaceae,dtol,,
Bryophyte,Gymnocolea,inflata,Anastrophyllaceae,dtol,,
Bryophyte,Gymnomitrion,adustum,Gymnomitriaceae,dtol,,
Bryophyte,Gymnomitrion,alpinum,Gymnomitriaceae,dtol,,
Bryophyte,Gymnomitrion,brevissimum,Gymnomitriaceae,dtol,,
Bryophyte,Gymnomitrion,concinnatum,Gymnomitriaceae,dtol,,
Bryophyte,Gymnomitrion,corallioides,Gymnomitriaceae,dtol,,
Bryophyte,Gymnomitrion,crenulatum,Gymnomitriaceae,dtol,,
Bryophyte,Gymnomitrion,obtusum,Gymnomitriaceae,dtol,,
Bryophyte,Gymnostomum,aeruginosum,Pottiaceae,dtol,,
Bryophyte,Gymnostomum,calcareum,Pottiaceae,dtol,,
Bryophyte,Gymnostomum,viridulum,Pottiaceae,dtol,,
Bryophyte,Gyroweisia,reflexa,Pottiaceae,dtol,,
Bryophyte,Gyroweisia,tenuis,Pottiaceae,dtol,,
Bryophyte,Habrodon,perpusillus,Habrodontaceae,dtol_family_representative,yes,
Bryophyte,Hageniella,micans,Hylocomiaceae,dtol,,
Bryophyte,Hamatocaulis,vernicosus,Scorpidiaceae,dtol,,
Bryophyte,Haplomitrium,hookeri,Haplomitriaceae,dtol_family_representative,yes,
Bryophyte,Harpalejeunea,molleri,Lejeuneaceae,dtol,,
Bryophyte,Harpanthus,flotovianus,Harpanthaceae,dtol_family_representative,yes,
Bryophyte,Harpanthus,scutatus,Harpanthaceae,dtol_family_representative,yes,
Bryophyte,Hedwigia,stellata,Hedwigiaceae,dtol_family_representative,yes,
Bryophyte,Hedwigia,ciliata,Hedwigiaceae,dtol,,
Bryophyte,Hedwigia,striata,Hedwigiaceae,dtol,,
Bryophyte,Helodium,blandowii,Thuidiaceae,dtol,,
Bryophyte,Hennediella,heimii,Pottiaceae,dtol,,
Bryophyte,Hennediella,macrophylla,Pottiaceae,dtol,,
Bryophyte,Hennediella,stanfordensis,Pottiaceae,dtol,,
Bryophyte,Herbertus,borealis,Herbertaceae,dtol_family_representative,yes,
Bryophyte,Herbertus,hutchinsiae,Herbertaceae,dtol_family_representative,yes,
Bryophyte,Herbertus,norenus,Herbertaceae,dtol,,
Bryophyte,Herbertus,stramineus,Herbertaceae,dtol,,
Bryophyte,Herzogiella,seligeri,Plagiotheciaceae,dtol,,
Bryophyte,Herzogiella,striatella,Plagiotheciaceae,dtol,,
Bryophyte,Heterocladiella,dimorpha,Heterocladiellaceae,dtol_family_representative,yes,
Bryophyte,Heterocladium,flaccidum,Lembophyllaceae,dtol,,
Bryophyte,Heterocladium,heteropterum,Lembophyllaceae,dtol,yes,
Bryophyte,Heterocladium,wulfsbergii,Lembophyllaceae,dtol,,
Bryophyte,Heterogemma,capitata,Lophoziaceae,dtol,,
Bryophyte,Heteroscyphus,fissistipus,Lophocoleaceae,dtol,,
Bryophyte,Homalia,trichomanoides,Neckeraceae,dtol,,
Bryophyte,Homalothecium,sericeum,Brachytheciaceae,dtol_family_representative,,yes
Bryophyte,Homalothecium,lutescens,Brachytheciaceae,dtol,,
Bryophyte,Homomallium,incurvatum,Pylaisiaceae,dtol,,
Bryophyte,Hookeria,lucens,Hookeriaceae,dtol_family_representative,yes,
Bryophyte,Hygroamblystegium,fluviatile,Amblystegiaceae,dtol,,
Bryophyte,Hygroamblystegium,humile,Amblystegiaceae,dtol,,
Bryophyte,Hygroamblystegium,tenax,Amblystegiaceae,dtol,,
Bryophyte,Hygroamblystegium,varium,Amblystegiaceae,dtol,,
Bryophyte,Hygrobiella,laxifolia,Hygrobiellaceae,dtol_family_representative,yes,
Bryophyte,Hygrohypnella,ochracea,Scorpidiaceae,dtol,yes,
Bryophyte,Hygrohypnella,polaris,Scorpidiaceae,dtol,,
Bryophyte,Hygrohypnum,luridum,Amblystegiaceae,dtol,,
Bryophyte,Hygrohypnum,styriacum,Amblystegiaceae,dtol,,
Bryophyte,Hylocomiadelphus,triquetrus,Hylocomiaceae,dtol_family_representative,,
Bryophyte,Hylocomiastrum,pyrenaicum,Hylocomiaceae,dtol,,
Bryophyte,Hylocomiastrum,umbratum,Hylocomiaceae,dtol,,
Bryophyte,Hylocomium,splendens,Hylocomiaceae,dtol,yes,yes
Bryophyte,Hymenoloma,crispulum,Rhabdoweisiaceae,dtol,,
Bryophyte,Hymenostylium,recurvirostrum,Pottiaceae,dtol,,
Bryophyte,Hylocomium,armoricum,Hylocomiaceae,dtol_family_representative,yes,
Bryophyte,Hypnum,andoi,Hypnaceae,dtol_family_representative,yes,yes
Bryophyte,Hypnum,cupressiforme,Hypnaceae,dtol_family_representative,,yes
Bryophyte,Hypnum,imponens,Hypnaceae,dtol,,
Bryophyte,Hypnum,jutlandicum,Hypnaceae,dtol,yes,
Bryophyte,Hypnum,uncinulatum,Hypnaceae,dtol,,
Bryophyte,Isopaches,bicrenatus,Anastrophyllaceae,dtol,,
Bryophyte,Isopterygiopsis,muelleriana,Plagiotheciaceae,dtol,,
Bryophyte,Isopterygiopsis,pulchella,Plagiotheciaceae,dtol,,
Bryophyte,Isothecium,alopecuroides,Lembophyllaceae,dtol_family_representative,yes,yes
Bryophyte,Isothecium,myosuroides,Lembophyllaceae,dtol_family_representative,,yes
Bryophyte,Isothecium,holtii,Lembophyllaceae,dtol,,
Bryophyte,Isothecium,interludens,Lembophyllaceae,dtol,,
Bryophyte,Jubula,hutchinsiae,Jubulaceae,dtol_family_representative,yes,
Bryophyte,Jungermannia,eucordifolia,Jungermanniaceae,dtol_family_representative,,
Bryophyte,Jungermannia,atrovirens,Jungermanniaceae,dtol,,
Bryophyte,Jungermannia,borealis,Jungermanniaceae,dtol,,
Bryophyte,Jungermannia,polaris,Jungermanniaceae,dtol,,
Bryophyte,Jungermannia,pumila,Jungermanniaceae,dtol,yes,
Bryophyte,Kiaeria,blyttii,Rhabdoweisiaceae,dtol,,
Bryophyte,Kiaeria,falcata,Rhabdoweisiaceae,dtol,,
Bryophyte,Kiaeria,glacialis,Rhabdoweisiaceae,dtol,,
Bryophyte,Kiaeria,starkei,Rhabdoweisiaceae,dtol,,
Bryophyte,Kindbergia,praelonga,Brachytheciaceae,dtol_family_representative,,yes
Bryophyte,Kurzia,pauciflora,Lepidoziaceae,dtol,,
Bryophyte,Kurzia,sylvatica,Lepidoziaceae,dtol,,
Bryophyte,Kurzia,trichoclados,Lepidoziaceae,dtol,,
Bryophyte,Lejeunea,patens,Lejeuneaceae,dtol_family_representative,,yes
Bryophyte,Lejeunea,cavifolia,Lejeuneaceae,dtol,yes,
Bryophyte,Lejeunea,eckloniana,Lejeuneaceae,dtol,,
Bryophyte,Lejeunea,flava,Lejeuneaceae,dtol,,
Bryophyte,Lejeunea,hibernica,Lejeuneaceae,dtol,,
Bryophyte,Lejeunea,lamacerina,Lejeuneaceae,dtol,,
Bryophyte,Lejeunea,mandonii,Lejeuneaceae,dtol,,
Bryophyte,Lepidozia,reptans,Lepidoziaceae,dtol_family_representative,yes,yes
Bryophyte,Lepidozia,cupressina,Lepidoziaceae,dtol,,
Bryophyte,Lepidozia,pearsonii,Lepidoziaceae,dtol,,
Bryophyte,Leptobarbula,berica,Pottiaceae,dtol,,
Bryophyte,Leptobryum,pyriforme,Meesiaceae,dtol_family_representative,yes,
Bryophyte,Leptodictyum,riparium,Amblystegiaceae,dtol,,
Bryophyte,Leptodontium,flexifolium,Pottiaceae,dtol,,
Bryophyte,Leptodontium,gemmascens,Pottiaceae,dtol,,
Bryophyte,Leptodontium,proliferum,Pottiaceae,dtol,,
Bryophyte,Leptoscyphus,cuneifolius,Lophocoleaceae,dtol,,
Bryophyte,Leptotheca,gaudichaudii,Orthodontiaceae,dtol,,
Bryophyte,Lescuraea,patens,Pseudoleskeaceae,dtol_family_representative,yes,
Bryophyte,Lescuraea,plicata,Pseudoleskeaceae,dtol_family_representative,yes,
Bryophyte,Lescuraea,incurvata,Pseudoleskeaceae,dtol,,
Bryophyte,Lescuraea,saxicola,Pseudoleskeaceae,dtol,,
Bryophyte,Leskea,polycarpa,Leskeaceae,dtol_family_representative,yes,
Bryophyte,Leucobryum,glaucum,Leucobryaceae,dtol_family_representative,yes,
Bryophyte,Leucobryum,juniperoideum,Leucobryaceae,dtol,,
Bryophyte,Leucodon,sciuroides,Leucodontaceae,dtol_family_representative,yes,
Bryophyte,Lewinskya,acuminata,Orthotrichaceae,dtol,,
Bryophyte,Lewinskya,affinis,Orthotrichaceae,dtol,,
Bryophyte,Lewinskya,rupestris,Orthotrichaceae,dtol,,
Bryophyte,Lewinskya,shawii,Orthotrichaceae,dtol,,
Bryophyte,Lewinskya,speciosa,Orthotrichaceae,dtol,,
Bryophyte,Lewinskya,striata,Orthotrichaceae,dtol,,
Bryophyte,Liochlaena,lanceolata,Jungermanniaceae,dtol,,
Bryophyte,Loeskeobryum,brevirostre,Hylocomiaceae,dtol,,
Bryophyte,Lophocolea,bidentata,Lophocoleaceae,dtol_family_representative,yes,yes
Bryophyte,Lophocolea,bispinosa,Lophocoleaceae,dtol,,
Bryophyte,Lophocolea,brookwoodiana,Lophocoleaceae,dtol,,
Bryophyte,Lophocolea,fragrans,Lophocoleaceae,dtol,,
Bryophyte,Lophocolea,heterophylla,Lophocoleaceae,dtol,,
Bryophyte,Lophocolea,semiteres,Lophocoleaceae,dtol,,
Bryophyte,Lophozia,ventricosa,Lophoziaceae,dtol_family_representative,yes,
Bryophyte,Lophozia,excisa,Lophoziaceae,dtol,,
Bryophyte,Lophozia,guttulata,Lophoziaceae,dtol,,
Bryophyte,Lophozia,longidens,Lophoziaceae,dtol,,
Bryophyte,Lophozia,wenzelii,Lophoziaceae,dtol,,
Bryophyte,Lunularia,cruciata,Lunulariaceae,dtol_family_representative,yes,yes
Bryophyte,Marchantia,polymorpha,Marchantiaceae,dtol_family_representative,yes,
Bryophyte,Marchantia,quadrata,Marchantiaceae,dtol_family_representative,yes,
Bryophyte,Marchesinia,mackaii,Lejeuneaceae,dtol_family_representative,yes,
Bryophyte,Marsupella,emarginata,Gymnomitriaceae,dtol_family_representative,yes,yes
Bryophyte,Marsupella,apiculata,Gymnomitriaceae,dtol,,
Bryophyte,Marsupella,arctica,Gymnomitriaceae,dtol,,
Bryophyte,Marsupella,boeckii,Gymnomitriaceae,dtol,,
Bryophyte,Marsupella,condensata,Gymnomitriaceae,dtol,,
Bryophyte,Marsupella,funckii,Gymnomitriaceae,dtol,,
Bryophyte,Marsupella,profunda,Gymnomitriaceae,dtol,,
Bryophyte,Marsupella,sparsifolia,Gymnomitriaceae,dtol,,
Bryophyte,Marsupella,sphacelata,Gymnomitriaceae,dtol,,
Bryophyte,Marsupella,sprucei,Gymnomitriaceae,dtol,,
Bryophyte,Marsupella,stableri,Gymnomitriaceae,dtol,,
Bryophyte,Mastigophora,woodsii,Mastigophoraceae,dtol_family_representative,yes,
Bryophyte,Meesia,uliginosa,Meesiaceae,dtol_family_representative,yes,
Bryophyte,Meesia,triquetra,Meesiaceae,dtol,,
Bryophyte,Mesoptychia,bantriensis,Jungermanniaceae,dtol_family_representative,yes,
Bryophyte,Mesoptychia,badensis,Jungermanniaceae,dtol,,
Bryophyte,Mesoptychia,collaris,Jungermanniaceae,dtol,,
Bryophyte,Mesoptychia,fitzgeraldiae,Jungermanniaceae,dtol,,
Bryophyte,Mesoptychia,gillmanii,Jungermanniaceae,dtol,,
Bryophyte,Mesoptychia,heterocolpos,Jungermanniaceae,dtol,,
Bryophyte,Mesoptychia,rutheana,Jungermanniaceae,dtol,,
Bryophyte,Mesoptychia,turbinata,Jungermanniaceae,dtol,,
Bryophyte,Metzgeria,furcata,Metzgeriaceae,dtol_family_representative,yes,yes
Bryophyte,Metzgeria,violacea,Metzgeriaceae,dtol_family_representative,yes,
Bryophyte,Metzgeria,conjugata,Metzgeriaceae,dtol,,
Bryophyte,Metzgeria,consanguinea,Metzgeriaceae,dtol,,
Bryophyte,Metzgeria,leptoneura,Metzgeriaceae,dtol,,
Bryophyte,Metzgeria,pubescens,Metzgeriaceae,dtol,,
Bryophyte,Microbryum,curvicollum,Pottiaceae,dtol,,
Bryophyte,Microbryum,davallianum,Pottiaceae,dtol,,
Bryophyte,Microbryum,floerkeanum,Pottiaceae,dtol,,
Bryophyte,Microbryum,rectum,Pottiaceae,dtol,,
Bryophyte,Microbryum,starckeanum,Pottiaceae,dtol,,
Bryophyte,Microeurhynchium,pumilum,Brachytheciaceae,dtol,,
Bryophyte,Microhypnum,sauteri,Amblystegiaceae,dtol,,
Bryophyte,Microlejeunea,ulicina,Lejeuneaceae,dtol,,
Bryophyte,Micromitrium,tenerum,Micromitriaceae,dtol_family_representative,yes,
Bryophyte,Mielichhoferia,elongata,Mniaceae,dtol,,
Bryophyte,Mielichhoferia,mielichhoferiana,Mniaceae,dtol,yes,
Bryophyte,Mnium,hornum,Mniaceae,dtol_family_representative,,yes
Bryophyte,Mnium,lycopodioides,Mniaceae,dtol,,
Bryophyte,Mnium,marginatum,Mniaceae,dtol,,
Bryophyte,Mnium,spinosum,Mniaceae,dtol,,
Bryophyte,Mnium,stellare,Mniaceae,dtol,,
Bryophyte,Mnium,thomsonii,Mniaceae,dtol,,
Bryophyte,Moerckia,blyttii,Moerckiaceae,dtol_family_representative,yes,
Bryophyte,Moerckia,hibernica,Moerckiaceae,dtol_family_representative,,
Bryophyte,Moerckia,flotoviana,Moerckiaceae,dtol,yes,
Bryophyte,Molendoa,warburgii,Pottiaceae,dtol,,
Bryophyte,Mylia,anomala,Myliaceae,dtol_family_representative,yes,
Bryophyte,Mylia,taylorii,Myliaceae,dtol_family_representative,yes,
Bryophyte,Myrinia,pulvinata,Myriniaceae,dtol_family_representative,yes,
Bryophyte,Myriocoleopsis,minutissima,Lejeuneaceae,dtol,,
Bryophyte,Myurella,julacea,Plagiotheciaceae,dtol,,
Bryophyte,Myurella,tenerrima,Plagiotheciaceae,dtol,,
Bryophyte,Myurium,hochstetteri,Myuriaceae,dtol,,
Bryophyte,Nardia,scalaris,Gymnomitriaceae,dtol_family_representative,yes,
Bryophyte,Nardia,breidleri,Gymnomitriaceae,dtol,,
Bryophyte,Nardia,compressa,Gymnomitriaceae,dtol,,
Bryophyte,Nardia,geoscyphus,Gymnomitriaceae,dtol,,
Bryophyte,Nardia,insecta,Gymnomitriaceae,dtol,,
Bryophyte,Neckera,pumila,Neckeraceae,dtol_family_representative,,yes
Bryophyte,Neckera,complanata,Neckeraceae,dtol,yes,
Bryophyte,Neckera,crispa,Neckeraceae,dtol,,yes
Bryophyte,Neckera,pennata,Neckeraceae,dtol,,
Bryophyte,Neckera,smithii,Neckeraceae,dtol,,
Bryophyte,Nogopterium,gracile,Leucodontaceae,dtol_family_representative,yes,
Bryophyte,Nyholmiella,gymnostoma,Orthotrichaceae,dtol,,
Bryophyte,Nyholmiella,obtusifolia,Orthotrichaceae,dtol,,
Bryophyte,Obtusifolium,obtusum,Cephaloziellaceae,dtol_family_representative,,
Bryophyte,Odontoschisma,sphagni,Cephaloziaceae,dtol_family_representative,,
Bryophyte,Odontoschisma,denudatum,Cephaloziaceae,dtol,yes,
Bryophyte,Odontoschisma,elongatum,Cephaloziaceae,dtol,,
Bryophyte,Odontoschisma,fluitans,Cephaloziaceae,dtol,,
Bryophyte,Odontoschisma,francisci,Cephaloziaceae,dtol,,
Bryophyte,Odontoschisma,macounii,Cephaloziaceae,dtol,,
Bryophyte,Oedipodium,griffithianum,Oedipodiaceae,dtol_family_representative,yes,
Bryophyte,Oleolophozia,perssonii,Cephaloziellaceae,dtol,,
Bryophyte,Oligotrichum,hercynicum,Polytrichaceae,dtol,,
Bryophyte,Oncophorus,integerrimus,Rhabdoweisiaceae,dtol,,
Bryophyte,Oncophorus,virens,Rhabdoweisiaceae,dtol,,
Bryophyte,Oncophorus,wahlenbergii,Rhabdoweisiaceae,dtol,,
Bryophyte,Orthocaulis,atlanticus,Anastrophyllaceae,dtol,,
Bryophyte,Orthocaulis,attenuatus,Anastrophyllaceae,dtol,,
Bryophyte,Orthocaulis,floerkei,Anastrophyllaceae,dtol,yes,
Bryophyte,Orthodontium,lineare,Orthodontiaceae,dtol_family_representative,yes,
Bryophyte,Orthodontium,gracile,Orthodontiaceae,dtol,,
Bryophyte,Orthothecium,intricatum,Plagiotheciaceae,dtol,,
Bryophyte,Orthothecium,rufescens,Plagiotheciaceae,dtol,,
Bryophyte,Orthotrichum,alpestre,Orthotrichaceae,dtol,,
Bryophyte,Orthotrichum,anomalum,Orthotrichaceae,dtol,,
Bryophyte,Orthotrichum,cambrense,Orthotrichaceae,dtol,,
Bryophyte,Orthotrichum,columbicum,Orthotrichaceae,dtol,,
Bryophyte,Orthotrichum,cupulatum,Orthotrichaceae,dtol,,
Bryophyte,Orthotrichum,diaphanum,Orthotrichaceae,dtol,,
Bryophyte,Orthotrichum,pallens,Orthotrichaceae,dtol,,
Bryophyte,Orthotrichum,patens,Orthotrichaceae,dtol,,
Bryophyte,Orthotrichum,pulchellum,Orthotrichaceae,dtol,,
Bryophyte,Orthotrichum,pumilum,Orthotrichaceae,dtol,,
Bryophyte,Orthotrichum,rivulare,Orthotrichaceae,dtol,,
Bryophyte,Orthotrichum,rogeri,Orthotrichaceae,dtol,,
Bryophyte,Orthotrichum,scanicum,Orthotrichaceae,dtol,,
Bryophyte,Orthotrichum,schimperi,Orthotrichaceae,dtol,,
Bryophyte,Orthotrichum,sprucei,Orthotrichaceae,dtol,,
Bryophyte,Orthotrichum,stramineum,Orthotrichaceae,dtol,,
Bryophyte,Orthotrichum,tenellum,Orthotrichaceae,dtol,,
Bryophyte,Oxyrrhynchium,hians,Brachytheciaceae,dtol,,
Bryophyte,Oxyrrhynchium,schleicheri,Brachytheciaceae,dtol,,
Bryophyte,Oxyrrhynchium,speciosum,Brachytheciaceae,dtol,,
Bryophyte,Pallavicinia,lyellii,Pallaviciniaceae,dtol_family_representative,yes,
Bryophyte,Paludella,squarrosa,Meesiaceae,dtol,,
Bryophyte,Palustriella,commutata,Amblystegiaceae,dtol_family_representative,,yes
Bryophyte,Palustriella,falcata,Amblystegiaceae,dtol_family_representative,,yes
Bryophyte,Palustriella,decipiens,Amblystegiaceae,dtol,,
Bryophyte,Paraleucobryum,longifolium,Dicranaceae,dtol,,
Bryophyte,Pedinophyllum,interruptum,Plagiochilaceae,dtol,,
Bryophyte,Pellia,endiviifolia,Pelliaceae,dtol_family_representative,yes,
Bryophyte,Pellia,epiphylla,Pelliaceae,dtol_family_representative,yes,yes
Bryophyte,Pellia,neesiana,Pelliaceae,dtol,,
Bryophyte,Petalophyllum,ralfsii,Petalophyllaceae,dtol_family_representative,yes,
Bryophyte,Phaeoceros,carolinianus,Notothyladaceae,dtol_family_representative,yes,
Bryophyte,Phaeoceros,laevis,Notothyladaceae,dtol_family_representative,yes,
Bryophyte,Philonotis,fontana,Bartramiaceae,dtol_family_representative,yes,yes
Bryophyte,Philonotis,caespitosa,Bartramiaceae,dtol,,
Bryophyte,Philonotis,calcarea,Bartramiaceae,dtol,,
Bryophyte,Philonotis,capillaris,Bartramiaceae,dtol,,
Bryophyte,Philonotis,cernua,Bartramiaceae,dtol,,
Bryophyte,Philonotis,marchica,Bartramiaceae,dtol,,
Bryophyte,Philonotis,rigida,Bartramiaceae,dtol,,
Bryophyte,Philonotis,seriata,Bartramiaceae,dtol,,
Bryophyte,Philonotis,tomentella,Bartramiaceae,dtol,,
Bryophyte,Physcomitrium,pyriforme,Funariaceae,dtol_family_representative,yes,
Bryophyte,Physcomitrium,eurystomum,Funariaceae,dtol,,
Bryophyte,Physcomitrium,patens,Funariaceae,dtol,,
Bryophyte,Physcomitrium,readeri,Funariaceae,dtol,,
Bryophyte,Physcomitrium,sphaericum,Funariaceae,dtol,,
Bryophyte,Plagiochila,carringtonii,Plagiochilaceae,dtol_family_representative,yes,
Bryophyte,Plagiochila,porelloides,Plagiochilaceae,dtol_family_representative,yes,yes
Bryophyte,Plagiochila,asplenioides,Plagiochilaceae,dtol,,
Bryophyte,Plagiochila,bifaria,Plagiochilaceae,dtol,,
Bryophyte,Plagiochila,britannica,Plagiochilaceae,dtol,,
Bryophyte,Plagiochila,exigua,Plagiochilaceae,dtol,,
Bryophyte,Plagiochila,heterophylla,Plagiochilaceae,dtol,,
Bryophyte,Plagiochila,punctata,Plagiochilaceae,dtol,,
Bryophyte,Plagiochila,spinulosa,Plagiochilaceae,dtol,,
Bryophyte,Plagiomnium,undulatum,Mniaceae,dtol_family_representative,yes,yes
Bryophyte,Plagiomnium,affine,Mniaceae,dtol,,
Bryophyte,Plagiomnium,cuspidatum,Mniaceae,dtol,,
Bryophyte,Plagiomnium,elatum,Mniaceae,dtol,,
Bryophyte,Plagiomnium,ellipticum,Mniaceae,dtol,,
Bryophyte,Plagiomnium,medium,Mniaceae,dtol,,
Bryophyte,Plagiomnium,rostratum,Mniaceae,dtol,,
Bryophyte,Plagiopus,oederianus,Bartramiaceae,dtol,,
Bryophyte,Plagiothecium,denticulatum,Plagiotheciaceae,dtol_family_representative,,
Bryophyte,Plagiothecium,undulatum,Plagiotheciaceae,dtol_family_representative,yes,yes
Bryophyte,Plagiothecium,cavifolium,Plagiotheciaceae,dtol,,
Bryophyte,Plagiothecium,curvifolium,Plagiotheciaceae,dtol,,
Bryophyte,Plagiothecium,denticulatum,Plagiotheciaceae,dtol,,yes
Bryophyte,Plagiothecium,laetum,Plagiotheciaceae,dtol,,
Bryophyte,Plagiothecium,latebricola,Plagiotheciaceae,dtol,,
Bryophyte,Plagiothecium,nemorale,Plagiotheciaceae,dtol,,
Bryophyte,Plagiothecium,piliferum,Plagiotheciaceae,dtol,,
Bryophyte,Plagiothecium,platyphyllum,Plagiotheciaceae,dtol,,
Bryophyte,Plagiothecium,succulentum,Plagiotheciaceae,dtol,,
Bryophyte,Plasteurhynchium,meridionale,Brachytheciaceae,dtol,,
Bryophyte,Plasteurhynchium,striatulum,Brachytheciaceae,dtol,,
Bryophyte,Platydictya,jungermannioides,Plagiotheciaceae,dtol,,
Bryophyte,Platygyrium,repens,Pylaisiadelphaceae,dtol_family_representative,yes,
Bryophyte,Platyhypnum,duriusculum,Amblystegiaceae,dtol,,
Bryophyte,Platyhypnum,molle,Amblystegiaceae,dtol,,
Bryophyte,Platyhypnum,smithii,Amblystegiaceae,dtol,,
Bryophyte,Plenogemma,phyllantha,Orthotrichaceae,dtol,yes,
Bryophyte,Pleuridium,acuminatum,Ditrichaceae,dtol,,
Bryophyte,Pleuridium,subulatum,Ditrichaceae,dtol,,
Bryophyte,Pleurozia,purpurea,Pleuroziaceae,dtol_family_representative,yes,
Bryophyte,Pleurozium,schreberi,Hylocomiaceae,dtol,,yes
Bryophyte,Pogonatum,urnigerum,Polytrichaceae,dtol_family_representative,yes,yes
Bryophyte,Pogonatum,aloides,Polytrichaceae,dtol,,
Bryophyte,Pogonatum,nanum,Polytrichaceae,dtol,,
Bryophyte,Pohlia,andalusica,Mniaceae,dtol,,
Bryophyte,Pohlia,annotina,Mniaceae,dtol,,
Bryophyte,Pohlia,bulbifera,Mniaceae,dtol,,
Bryophyte,Pohlia,camptotrachela,Mniaceae,dtol,,
Bryophyte,Pohlia,cruda,Mniaceae,dtol,,
Bryophyte,Pohlia,crudoides,Mniaceae,dtol,,
Bryophyte,Pohlia,drummondii,Mniaceae,dtol,,
Bryophyte,Pohlia,elongata,Mniaceae,dtol,,
Bryophyte,Pohlia,filum,Mniaceae,dtol,,
Bryophyte,Pohlia,flexuosa,Mniaceae,dtol,,
Bryophyte,Pohlia,lescuriana,Mniaceae,dtol,,
Bryophyte,Pohlia,ludwigii,Mniaceae,dtol,,
Bryophyte,Pohlia,lutescens,Mniaceae,dtol,,
Bryophyte,Pohlia,melanodon,Mniaceae,dtol,,
Bryophyte,Pohlia,nutans,Mniaceae,dtol,,
Bryophyte,Pohlia,obtusifolia,Mniaceae,dtol,,
Bryophyte,Pohlia,proligera,Mniaceae,dtol,,
Bryophyte,Pohlia,scotica,Mniaceae,dtol,,
Bryophyte,Pohlia,wahlenbergii,Mniaceae,dtol,,
Bryophyte,Polytrichastrum,alpinum,Polytrichaceae,dtol,,
Bryophyte,Polytrichastrum,sexangulare,Polytrichaceae,dtol,,
Bryophyte,Polytrichum,commune,Polytrichaceae,dtol_family_representative,yes,
Bryophyte,Polytrichum,formosum,Polytrichaceae,dtol,,
Bryophyte,Polytrichum,juniperinum,Polytrichaceae,dtol,,
Bryophyte,Polytrichum,longisetum,Polytrichaceae,dtol,,
Bryophyte,Polytrichum,perigoniale,Polytrichaceae,dtol,yes,
Bryophyte,Polytrichum,piliferum,Polytrichaceae,dtol,,
Bryophyte,Polytrichum,strictum,Polytrichaceae,dtol,,
Bryophyte,Porella,arboris-vitae,Porellaceae,dtol_family_representative,,
Bryophyte,Porella,cordaeana,Porellaceae,dtol_family_representative,yes,yes
Bryophyte,Porella,obtusata,Porellaceae,dtol,,
Bryophyte,Porella,pinnata,Porellaceae,dtol,,
Bryophyte,Porella,platyphylla,Porellaceae,dtol,yes,
Bryophyte,Pottiopsis,caespitosa,Pottiaceae,dtol,,
Bryophyte,Protolophozia,herzogiana,Cephaloziellaceae,dtol,,
Bryophyte,Pseudanomodon,attenuatus,Neckeraceae,dtol,,
Bryophyte,Pseudephemerum,nitidum,Ditrichaceae,dtol,,
Bryophyte,Pseudobryum,cinclidioides,Mniaceae,dtol,,
Bryophyte,Pseudocampylium,radicale,Amblystegiaceae,dtol,,
Bryophyte,Pseudocrossidium,hornschuchianum,Pottiaceae,dtol,,
Bryophyte,Pseudocrossidium,revolutum,Pottiaceae,dtol,,
Bryophyte,Pseudohygrohypnum,eugyrium,Pylaisiaceae,dtol,,
Bryophyte,Pseudohygrohypnum,subeugyrium,Pylaisiaceae,dtol,,
Bryophyte,Pseudoleskeella,catenulata,Pseudoleskeellaceae,dtol_family_representative,yes,
Bryophyte,Pseudoleskeella,rupestris,Pseudoleskeellaceae,dtol_family_representative,,
Bryophyte,Pseudoleskeella,nervosa,Pseudoleskeellaceae,dtol,,
Bryophyte,Pseudomarsupidium,decipiens,Adelanthaceae,dtol,,
Bryophyte,Pseudoscleropodium,purum,Brachytheciaceae,dtol,yes,
Bryophyte,Pseudostereodon,procerrimus,Pylaisiaceae,dtol,,
Bryophyte,Pseudotaxiphyllum,elegans,Plagiotheciaceae,dtol,yes,
Bryophyte,Pterigynandrum,filiforme,Pterigynandraceae,dtol_family_representative,yes,
Bryophyte,Pterygoneurum,lamellatum,Pottiaceae,dtol,,
Bryophyte,Pterygoneurum,ovatum,Pottiaceae,dtol,,
Bryophyte,Pterygoneurum,papillosum,Pottiaceae,dtol,,
Bryophyte,Ptilidium,ciliare,Ptilidiaceae,dtol_family_representative,yes,yes
Bryophyte,Ptilidium,pulcherrimum,Ptilidiaceae,dtol_family_representative,yes,
Bryophyte,Ptilium,crista-castrensis,Pylaisiaceae,dtol_family_representative,yes,yes
Bryophyte,Ptychomitrium,polyphyllum,Ptychomitriaceae,dtol_family_representative,yes,
Bryophyte,Pulvigera,lyellii,Orthotrichaceae,dtol_family_representative,yes,yes
Bryophyte,Pylaisia,polyantha,Pylaisiaceae,dtol,,
Bryophyte,Racomitrium,lanuginosum,Grimmiaceae,dtol_family_representative,,yes
Bryophyte,Racomitrium,aciculare,Grimmiaceae,dtol,,
Bryophyte,Racomitrium,affine,Grimmiaceae,dtol,,
Bryophyte,Racomitrium,aquaticum,Grimmiaceae,dtol,,
Bryophyte,Racomitrium,canescens,Grimmiaceae,dtol,,
Bryophyte,Racomitrium,ellipticum,Grimmiaceae,dtol,,
Bryophyte,Racomitrium,elongatum,Grimmiaceae,dtol,,
Bryophyte,Racomitrium,ericoides,Grimmiaceae,dtol,,
Bryophyte,Racomitrium,fasciculare,Grimmiaceae,dtol,yes,
Bryophyte,Racomitrium,heterostichum,Grimmiaceae,dtol,,
Bryophyte,Racomitrium,himalayanum,Grimmiaceae,dtol,,
Bryophyte,Racomitrium,macounii,Grimmiaceae,dtol,,
Bryophyte,Racomitrium,obtusum,Grimmiaceae,dtol,,
Bryophyte,Racomitrium,sudeticum,Grimmiaceae,dtol,,
Bryophyte,Radula,complanata,Radulaceae,dtol_family_representative,yes,yes
Bryophyte,Radula,lindenbergiana,Radulaceae,dtol_family_representative,yes,
Bryophyte,Radula,aquilegia,Radulaceae,dtol,,
Bryophyte,Radula,carringtonii,Radulaceae,dtol,,
Bryophyte,Radula,holtii,Radulaceae,dtol,,
Bryophyte,Radula,voluta,Radulaceae,dtol,,
Bryophyte,Reboulia,hemisphaerica,Aytoniaceae,dtol_family_representative,yes,
Bryophyte,Rhabdoweisia,crenulata,Rhabdoweisiaceae,dtol_family_representative,yes,
Bryophyte,Rhabdoweisia,crispata,Rhabdoweisiaceae,dtol,,
Bryophyte,Rhabdoweisia,fugax,Rhabdoweisiaceae,dtol,,
Bryophyte,Rhizomnium,magnifolium,Mniaceae,dtol,,
Bryophyte,Rhizomnium,pseudopunctatum,Mniaceae,dtol,,
Bryophyte,Rhizomnium,punctatum,Mniaceae,dtol,,
Bryophyte,Rhodobryum,roseum,Bryaceae,dtol,,
Bryophyte,Rhynchostegiella,curviseta,Brachytheciaceae,dtol,,
Bryophyte,Rhynchostegiella,litorea,Brachytheciaceae,dtol,,
Bryophyte,Rhynchostegiella,tenella,Brachytheciaceae,dtol,,
Bryophyte,Rhynchostegiella,teneriffae,Brachytheciaceae,dtol,,
Bryophyte,Rhynchostegium,alopecuroides,Brachytheciaceae,dtol,,
Bryophyte,Rhynchostegium,confertum,Brachytheciaceae,dtol,,
Bryophyte,Rhynchostegium,megapolitanum,Brachytheciaceae,dtol,,
Bryophyte,Rhynchostegium,murale,Brachytheciaceae,dtol,,
Bryophyte,Rhynchostegium,riparioides,Brachytheciaceae,dtol,,
Bryophyte,Rhynchostegium,rotundifolium,Brachytheciaceae,dtol,,
Bryophyte,Rhytidiadelphus,squarrosus,Hylocomiaceae,dtol_family_representative,,yes
Bryophyte,Rhytidiadelphus,loreus,Hylocomiaceae,dtol,yes,yes
Bryophyte,Rhytidiadelphus,subpinnatus,Hylocomiaceae,dtol,,
Bryophyte,Rhytidium,rugosum,Rhytidiaceae,dtol_family_representative,yes,
Bryophyte,Riccardia,palmata,Aneuraceae,dtol_family_representative,yes,yes
Bryophyte,Riccardia,chamedryfolia,Aneuraceae,dtol,,
Bryophyte,Riccardia,incurvata,Aneuraceae,dtol,,
Bryophyte,Riccardia,latifrons,Aneuraceae,dtol,,
Bryophyte,Riccardia,multifida,Aneuraceae,dtol,,
Bryophyte,Riccia,fluitans,Ricciaceae,dtol_family_representative,yes,
Bryophyte,Riccia,sorocarpa,Ricciaceae,dtol_family_representative,yes,
Bryophyte,Riccia,beyrichiana,Ricciaceae,dtol,,
Bryophyte,Riccia,bifurca,Ricciaceae,dtol,,
Bryophyte,Riccia,canaliculata,Ricciaceae,dtol,,
Bryophyte,Riccia,cavernosa,Ricciaceae,dtol,,
Bryophyte,Riccia,crozalsii,Ricciaceae,dtol,,
Bryophyte,Riccia,crystallina,Ricciaceae,dtol,,
Bryophyte,Riccia,glauca,Ricciaceae,dtol,,
Bryophyte,Riccia,huebeneriana,Ricciaceae,dtol,,
Bryophyte,Riccia,nigrella,Ricciaceae,dtol,,
Bryophyte,Riccia,rhenana,Ricciaceae,dtol,,
Bryophyte,Riccia,subbifurca,Ricciaceae,dtol,,
Bryophyte,Ricciocarpos,natans,Ricciaceae,dtol,yes,
Bryophyte,Roaldia,revoluta,Pylaisiaceae,dtol,,
Bryophyte,Saccobasis,polita,Scapaniaceae,dtol,,
Bryophyte,Saccogyna,viticulosa,Saccogynaceae,dtol_family_representative,yes,
Bryophyte,Saelania,glaucescens,Saelaniaceae,dtol_family_representative,yes,
Bryophyte,Sanionia,orthothecioides,Scorpidiaceae,dtol,,
Bryophyte,Sanionia,uncinata,Scorpidiaceae,dtol,yes,yes
Bryophyte,Sarmentypnum,exannulatum,Calliergonaceae,dtol_family_representative,yes,yes
Bryophyte,Sarmentypnum,sarmentosum,Calliergonaceae,dtol_family_representative,,
Bryophyte,Scapania,nimbosa,Scapaniaceae,dtol_family_representative,yes,
Bryophyte,Scapania,ornithopodioides,Scapaniaceae,dtol_family_representative,yes,
Bryophyte,Scapania,aequiloba,Scapaniaceae,dtol,,
Bryophyte,Scapania,aspera,Scapaniaceae,dtol,,
Bryophyte,Scapania,calcicola,Scapaniaceae,dtol,,
Bryophyte,Scapania,compacta,Scapaniaceae,dtol,,
Bryophyte,Scapania,curta,Scapaniaceae,dtol,,
Bryophyte,Scapania,cuspiduligera,Scapaniaceae,dtol,,
Bryophyte,Scapania,degenii,Scapaniaceae,dtol,,
Bryophyte,Scapania,gracilis,Scapaniaceae,dtol,,
Bryophyte,Scapania,gymnostomophila,Scapaniaceae,dtol,,
Bryophyte,Scapania,irrigua,Scapaniaceae,dtol,,
Bryophyte,Scapania,lingulata,Scapaniaceae,dtol,,
Bryophyte,Scapania,nemorea,Scapaniaceae,dtol,,
Bryophyte,Scapania,paludicola,Scapaniaceae,dtol,,
Bryophyte,Scapania,paludosa,Scapaniaceae,dtol,,
Bryophyte,Scapania,parvifolia,Scapaniaceae,dtol,,
Bryophyte,Scapania,praetervisa,Scapaniaceae,dtol,,
Bryophyte,Scapania,scandica,Scapaniaceae,dtol,,
Bryophyte,Scapania,subalpina,Scapaniaceae,dtol,,
Bryophyte,Scapania,uliginosa,Scapaniaceae,dtol,,
Bryophyte,Scapania,umbrosa,Scapaniaceae,dtol,,
Bryophyte,Scapania,undulata,Scapaniaceae,dtol,,
Bryophyte,Schistidium,agassizii,Grimmiaceae,dtol,,
Bryophyte,Schistidium,apocarpum,Grimmiaceae,dtol,,
Bryophyte,Schistidium,atrofuscum,Grimmiaceae,dtol,,
Bryophyte,Schistidium,confertum,Grimmiaceae,dtol,,
Bryophyte,Schistidium,crassipilum,Grimmiaceae,dtol,,
Bryophyte,Schistidium,dupretii,Grimmiaceae,dtol,,
Bryophyte,Schistidium,elegantulum,Grimmiaceae,dtol,,
Bryophyte,Schistidium,flaccidum,Grimmiaceae,dtol,,
Bryophyte,Schistidium,flexipile,Grimmiaceae,dtol,,
Bryophyte,Schistidium,frigidum,Grimmiaceae,dtol,,
Bryophyte,Schistidium,helveticum,Grimmiaceae,dtol,,
Bryophyte,Schistidium,maritimum,Grimmiaceae,dtol,,
Bryophyte,Schistidium,papillosum,Grimmiaceae,dtol,,
Bryophyte,Schistidium,platyphyllum,Grimmiaceae,dtol,,
Bryophyte,Schistidium,pruinosum,Grimmiaceae,dtol,,
Bryophyte,Schistidium,rivulare,Grimmiaceae,dtol,,
Bryophyte,Schistidium,robustum,Grimmiaceae,dtol,,
Bryophyte,Schistidium,strictum,Grimmiaceae,dtol,,yes
Bryophyte,Schistidium,trichodon,Grimmiaceae,dtol,,
Bryophyte,Schistochilopsis,incisa,Scapaniaceae,dtol,,
Bryophyte,Schistochilopsis,opacifolia,Scapaniaceae,dtol,,
Bryophyte,Schistostega,pennata,Schistostegaceae,dtol_family_representative,yes,
Bryophyte,Sciuro-hypnum,glaciale,Brachytheciaceae,dtol,,
Bryophyte,Sciuro-hypnum,plumosum,Brachytheciaceae,dtol,,
Bryophyte,Sciuro-hypnum,populeum,Brachytheciaceae,dtol,,
Bryophyte,Sciuro-hypnum,reflexum,Brachytheciaceae,dtol,,
Bryophyte,Sciuro-hypnum,starkei,Brachytheciaceae,dtol,,
Bryophyte,Scleropodium,cespitans,Brachytheciaceae,dtol,,
Bryophyte,Scleropodium,touretii,Brachytheciaceae,dtol,,
Bryophyte,Scopelophila,cataractae,Pottiaceae,dtol,,
Bryophyte,Scorpidium,cossonii,Scorpidiaceae,dtol_family_representative,,yes
Bryophyte,Scorpidium,revolvens,Scorpidiaceae,dtol_family_representative,,yes
Bryophyte,Scorpidium,scorpioides,Scorpidiaceae,dtol,,
Bryophyte,Scorpiurium,circinatum,Brachytheciaceae,dtol,,
Bryophyte,Seligeria,pusilla,Seligeriaceae,dtol_family_representative,yes,
Bryophyte,Seligeria,acutifolia,Seligeriaceae,dtol,,
Bryophyte,Seligeria,brevifolia,Seligeriaceae,dtol,,
Bryophyte,Seligeria,calcarea,Seligeriaceae,dtol,,
Bryophyte,Seligeria,calycina,Seligeriaceae,dtol,,
Bryophyte,Seligeria,carniolica,Seligeriaceae,dtol,,
Bryophyte,Seligeria,donniana,Seligeriaceae,dtol,,
Bryophyte,Seligeria,oelandica,Seligeriaceae,dtol,,
Bryophyte,Seligeria,patula,Seligeriaceae,dtol,,
Bryophyte,Seligeria,trifaria,Seligeriaceae,dtol,,
Bryophyte,Sematophyllum,demissum,Sematophyllaceae,dtol_family_representative,,
Bryophyte,Sematophyllum,substrumulosum,Sematophyllaceae,dtol,,
Bryophyte,Serpoleskea,confervoides,Amblystegiaceae,dtol,,
Bryophyte,Solenostoma,obovatum,Solenostomataceae,dtol_family_representative,yes,
Bryophyte,Solenostoma,paroicum,Solenostomataceae,dtol_family_representative,,
Bryophyte,Solenostoma,confertissimum,Solenostomataceae,dtol,,
Bryophyte,Solenostoma,gracillimum,Solenostomataceae,dtol,yes,
Bryophyte,Solenostoma,hyalinum,Solenostomataceae,dtol,,
Bryophyte,Solenostoma,sphaerocarpum,Solenostomataceae,dtol,,
Bryophyte,Solenostoma,subellipticum,Solenostomataceae,dtol,,
Bryophyte,Southbya,nigrella,Southbyaceae,dtol,,
Bryophyte,Southbya,tophacea,Southbyaceae,dtol,,
Bryophyte,Sphaerocarpos,europaeus,Sphaerocarpaceae,dtol_family_representative,yes,
Bryophyte,Sphaerocarpos,michelii,Sphaerocarpaceae,dtol_family_representative,yes,
Bryophyte,Sphagnum,fallax,Sphagnaceae,dtol_family_representative,yes,yes
Bryophyte,Sphagnum,inundatum,Sphagnaceae,dtol_family_representative,yes,yes
Bryophyte,Sphagnum,affine,Sphagnaceae,dtol,,
Bryophyte,Sphagnum,angustifolium,Sphagnaceae,dtol,,
Bryophyte,Sphagnum,auriculatum,Sphagnaceae,dtol,,
Bryophyte,Sphagnum,austinii,Sphagnaceae,dtol,,
Bryophyte,Sphagnum,balticum,Sphagnaceae,dtol,,
Bryophyte,Sphagnum,beothuk,Sphagnaceae,dtol,,
Bryophyte,Sphagnum,capillifolium,Sphagnaceae,dtol,,
Bryophyte,Sphagnum,compactum,Sphagnaceae,dtol,,
Bryophyte,Sphagnum,contortum,Sphagnaceae,dtol,,
Bryophyte,Sphagnum,cuspidatum,Sphagnaceae,dtol,,
Bryophyte,Sphagnum,divinum,Sphagnaceae,dtol,,
Bryophyte,Sphagnum,fimbriatum,Sphagnaceae,dtol,,
Bryophyte,Sphagnum,flexuosum,Sphagnaceae,dtol,,
Bryophyte,Sphagnum,fuscum,Sphagnaceae,dtol,,
Bryophyte,Sphagnum,girgensohnii,Sphagnaceae,dtol,,
Bryophyte,Sphagnum,lindbergii,Sphagnaceae,dtol,,
Bryophyte,Sphagnum,majus,Sphagnaceae,dtol,,
Bryophyte,Sphagnum,medium,Sphagnaceae,dtol,,
Bryophyte,Sphagnum,molle,Sphagnaceae,dtol,,
Bryophyte,Sphagnum,obtusum,Sphagnaceae,dtol,,
Bryophyte,Sphagnum,palustre,Sphagnaceae,dtol,,
Bryophyte,Sphagnum,papillosum,Sphagnaceae,dtol,,
Bryophyte,Sphagnum,platyphyllum,Sphagnaceae,dtol,,
Bryophyte,Sphagnum,pulchrum,Sphagnaceae,dtol,,
Bryophyte,Sphagnum,quinquefarium,Sphagnaceae,dtol,,
Bryophyte,Sphagnum,riparium,Sphagnaceae,dtol,,
Bryophyte,Sphagnum,rubellum,Sphagnaceae,dtol,,
Bryophyte,Sphagnum,russowii,Sphagnaceae,dtol,,
Bryophyte,Sphagnum,skyense,Sphagnaceae,dtol,,
Bryophyte,Sphagnum,squarrosum,Sphagnaceae,dtol,,
Bryophyte,Sphagnum,strictum,Sphagnaceae,dtol,,
Bryophyte,Sphagnum,subnitens,Sphagnaceae,dtol,,
Bryophyte,Sphagnum,subsecundum,Sphagnaceae,dtol,,
Bryophyte,Sphagnum,tenellum,Sphagnaceae,dtol,,
Bryophyte,Sphagnum,teres,Sphagnaceae,dtol,,
Bryophyte,Sphagnum,warnstorfii,Sphagnaceae,dtol,,
Bryophyte,Sphenolobopsis,pearsonii,Anastrophyllaceae,dtol,,
Bryophyte,Sphenolobus,minutus,Anastrophyllaceae,dtol,,
Bryophyte,Sphenolobus,saxicola,Anastrophyllaceae,dtol,,
Bryophyte,Splachnum,sphaericum,Splachnaceae,dtol_family_representative,yes,
Bryophyte,Splachnum,ampullaceum,Splachnaceae,dtol,,
Bryophyte,Splachnum,vasculosum,Splachnaceae,dtol,,
Bryophyte,Stegonia,latifolia,Pottiaceae,dtol,,
Bryophyte,Stereodon,callichrous,Stereodontaceae,dtol_family_representative,yes,
Bryophyte,Stereodon,hamulosus,Stereodontaceae,dtol_family_representative,yes,
Bryophyte,Straminergon,stramineum,Calliergonaceae,dtol,,
Bryophyte,Streblotrichum,convolutum,Pottiaceae,dtol,,
Bryophyte,Syntrichia,laevipila,Pottiaceae,dtol,,
Bryophyte,Syntrichia,latifolia,Pottiaceae,dtol,,
Bryophyte,Syntrichia,montana,Pottiaceae,dtol,,
Bryophyte,Syntrichia,norvegica,Pottiaceae,dtol,,
Bryophyte,Syntrichia,papillosa,Pottiaceae,dtol,,
Bryophyte,Syntrichia,princeps,Pottiaceae,dtol,,
Bryophyte,Syntrichia,ruraliformis,Pottiaceae,dtol,,
Bryophyte,Syntrichia,ruralis,Pottiaceae,dtol,,
Bryophyte,Syntrichia,virescens,Pottiaceae,dtol,,
Bryophyte,Syzygiella,autumnalis,Adelanthaceae,dtol_family_representative,yes,
Bryophyte,Targionia,hypophylla,Targioniaceae,dtol_family_representative,yes,
Bryophyte,Taxiphyllum,wissgrillii,Taxiphyllaceae,dtol_family_representative,yes,
Bryophyte,Tayloria,lingulata,Splachnaceae,dtol,,
Bryophyte,Tayloria,tenuis,Splachnaceae,dtol,,
Bryophyte,Telaranea,europaea,Lepidoziaceae,dtol,,
Bryophyte,Tetralophozia,setiformis,Anastrophyllaceae,dtol,,
Bryophyte,Tetraphis,pellucida,Tetraphidaceae,dtol_family_representative,yes,
Bryophyte,Tetraplodon,mnioides,Splachnaceae,dtol_family_representative,yes,
Bryophyte,Tetraplodon,angustatus,Splachnaceae,dtol,,
Bryophyte,Tetrodontium,brownianum,Tetraphidaceae,dtol,,
Bryophyte,Tetrodontium,repandum,Tetraphidaceae,dtol,,
Bryophyte,Thamnobryum,alopecurum,Neckeraceae,dtol_family_representative,yes,yes
Bryophyte,Thamnobryum,angustifolium,Neckeraceae,dtol,,
Bryophyte,Thamnobryum,cataractarum,Neckeraceae,dtol,,
Bryophyte,Thamnobryum,maderense,Neckeraceae,dtol,,
Bryophyte,Thuidium,delicatulum,Thuidiaceae,dtol_family_representative,yes,yes
Bryophyte,Thuidium,tamariscinum,Thuidiaceae,dtol_family_representative,yes,yes
Bryophyte,Thuidium,assimile,Thuidiaceae,dtol,,
Bryophyte,Thuidium,recognitum,Thuidiaceae,dtol,,
Bryophyte,Timmia,austriaca,Timmiaceae,dtol_family_representative,yes,
Bryophyte,Timmia,norvegica,Timmiaceae,dtol_family_representative,yes,
Bryophyte,Timmia,megapolitana,Timmiaceae,dtol,,
Bryophyte,Tomentypnum,nitens,Amblystegiaceae,dtol,,
Bryophyte,Tortella,tortuosa,Pottiaceae,dtol_family_representative,yes,yes
Bryophyte,Tortella,densa,Pottiaceae,dtol,,
Bryophyte,Tortella,fasciculata,Pottiaceae,dtol,,
Bryophyte,Tortella,flavovirens,Pottiaceae,dtol,,
Bryophyte,Tortella,fragilis,Pottiaceae,dtol,,
Bryophyte,Tortella,inclinata,Pottiaceae,dtol,,
Bryophyte,Tortella,inflexa,Pottiaceae,dtol,,
Bryophyte,Tortella,nitida,Pottiaceae,dtol,,
Bryophyte,Tortella,pseudofragilis,Pottiaceae,dtol,,
Bryophyte,Tortella,squarrosa,Pottiaceae,dtol,,
Bryophyte,Tortula,acaulon,Pottiaceae,dtol,,
Bryophyte,Tortula,amplexa,Pottiaceae,dtol,,
Bryophyte,Tortula,atrovirens,Pottiaceae,dtol,,
Bryophyte,Tortula,canescens,Pottiaceae,dtol,,
Bryophyte,Tortula,cernua,Pottiaceae,dtol,,
Bryophyte,Tortula,cuneifolia,Pottiaceae,dtol,,
Bryophyte,Tortula,freibergii,Pottiaceae,dtol,,
Bryophyte,Tortula,inermis,Pottiaceae,dtol,,
Bryophyte,Tortula,leucostoma,Pottiaceae,dtol,,
Bryophyte,Tortula,lindbergii,Pottiaceae,dtol,,
Bryophyte,Tortula,marginata,Pottiaceae,dtol,,
Bryophyte,Tortula,muralis,Pottiaceae,dtol,,
Bryophyte,Tortula,protobryoides,Pottiaceae,dtol,,
Bryophyte,Tortula,schimperi,Pottiaceae,dtol,,
Bryophyte,Tortula,solmsii,Pottiaceae,dtol,,
Bryophyte,Tortula,subulata,Pottiaceae,dtol,,
Bryophyte,Tortula,truncata,Pottiaceae,dtol,,
Bryophyte,Tortula,vahliana,Pottiaceae,dtol,,
Bryophyte,Tortula,viridifolia,Pottiaceae,dtol,,
Bryophyte,Tortula,wilsonii,Pottiaceae,dtol,,
Bryophyte,Trematodon,ambiguus,Bruchiaceae,dtol,yes,
Bryophyte,Trichocolea,tomentella,Trichocoleaceae,dtol_family_representative,yes,
Bryophyte,Trichodon,cylindricus,Ditrichaceae,dtol_family_representative,yes,
Bryophyte,Tricholepidozia,lindenbergii,Lepidoziaceae,dtol,,
Bryophyte,Tricholepidozia,tetradactyla,Lepidoziaceae,dtol,,
Bryophyte,Trichostomum,brachydontium,Pottiaceae,dtol,,
Bryophyte,Trichostomum,crispulum,Pottiaceae,dtol,,
Bryophyte,Tritomaria,quinquedentata,Lophoziaceae,dtol_family_representative,,yes
Bryophyte,Tritomaria,exsecta,Lophoziaceae,dtol,,
Bryophyte,Tritomaria,exsectiformis,Lophoziaceae,dtol,yes,
Bryophyte,Ulota,bruchii,Orthotrichaceae,dtol,,
Bryophyte,Ulota,calvescens,Orthotrichaceae,dtol,,
Bryophyte,Ulota,coarctata,Orthotrichaceae,dtol,,
Bryophyte,Ulota,crispa,Orthotrichaceae,dtol,,
Bryophyte,Ulota,crispula,Orthotrichaceae,dtol,,
Bryophyte,Ulota,drummondii,Orthotrichaceae,dtol,,
Bryophyte,Ulota,hutchinsiae,Orthotrichaceae,dtol,,
Bryophyte,Ulota,intermedia,Orthotrichaceae,dtol,,
Bryophyte,Warnstorfia,fluitans,Calliergonaceae,dtol,,
Bryophyte,Weissia,x-mittenii,Pottiaceae,dtol,,
Bryophyte,Weissia,angustifolia,Pottiaceae,dtol,,
Bryophyte,Weissia,brachycarpa,Pottiaceae,dtol,,
Bryophyte,Weissia,condensa,Pottiaceae,dtol,,
Bryophyte,Weissia,controversa,Pottiaceae,dtol,,
Bryophyte,Weissia,levieri,Pottiaceae,dtol,,
Bryophyte,Weissia,longifolia,Pottiaceae,dtol,,
Bryophyte,Weissia,perssonii,Pottiaceae,dtol,,
Bryophyte,Weissia,rostellata,Pottiaceae,dtol,,
Bryophyte,Weissia,rutilans,Pottiaceae,dtol,,
Bryophyte,Weissia,squarrosa,Pottiaceae,dtol,,
Bryophyte,Weissia,sterilis,Pottiaceae,dtol,,
Bryophyte,Weissia,wilsonii,Pottiaceae,dtol,,
Bryophyte,Weissia,wimmeriana,Pottiaceae,dtol,,
Bryophyte,Zygodon,viridissimus,Orthotrichaceae,dtol_family_representative,,yes
Bryophyte,Zygodon,conoideus,Orthotrichaceae,dtol,,
Bryophyte,Zygodon,gracilis,Orthotrichaceae,dtol,,
Bryophyte,Zygodon,rupestris,Orthotrichaceae,dtol,,
Bryophyte,Zygodon,stirtonii,Orthotrichaceae,dtol,,